time,open,high,low,close
1777557000,151173,151173,150880,150985
1777557300,150995,151060,150937,150950
1777557600,150911,151242,150856,151200
1777557900,151195,151347,151091,151173
1777558200,151100,151176,151003,151176
1777558500,151200,151293,151071,151223
1777558800,151232,151254,151114,151239
1777559100,151245,151368,151162,151308
1777559400,151234,151257,151000,151065
1777559700,151052,151052,150891,150905
1777560000,150983,151117,150923,151018
1777560300,151129,151170,151028,151028
1777560600,151001,151179,151001,151178
1777560900,151080,151099,151040,151099
1777561200,151090,151090,150858,150858
1777561500,150903,151030,150785,151030
1777561800,151050,151073,150927,151073
1777562100,151087,151156,151036,151091
1777562400,151059,151065,150990,151043
1777562700,151063,151302,151063,151290
1777563000,151210,151349,151195,151250
1777563300,151250,151250,151070,151118
1777563600,151082,151126,150975,150975
1777563900,150975,151061,150930,151024
1777564200,151023,151059,151004,151059
1777564500,151100,151200,151100,151176
1777564800,151125,151125,150971,151042
1777565100,151050,151119,151011,151011
1777565400,151039,151042,150858,150882
1777565700,150900,150968,150686,150740
1777566000,150839,150891,150785,150889
1777566300,150926,150926,150720,150736
1777566600,150745,150919,150745,150915
1777566900,150868,150868,150828,150828
1777567200,150794,150864,150750,150814
1777567500,150818,151062,150801,151027
1777567800,151050,151191,151015,151191
1777568100,151160,151160,150872,150880
1777568400,150945,151088,150945,151030
1777568700,151045,151116,150988,151077
1777569000,151124,151176,151039,151051
1777569300,151051,151060,150944,151060
1777569600,151042,151144,151042,151135
1777569900,151100,151150,151090,151115
1777570200,151137,151158,151040,151086
1777570500,151059,151120,151043,151043
1777570800,151052,151100,151027,151100
1777571100,151091,151150,151054,151089
1777571400,151060,151151,151060,151125
1777571700,151089,151225,151089,151225
1777635000,150098,150155,149742,150109
1777635300,150107,150280,150107,150254
1777635600,150286,150347,150250,150250
1777635900,150252,150269,150182,150257
1777636200,150250,150250,149970,150016
1777636500,150080,150183,150075,150183
1777636800,150160,150200,150130,150190
1777637100,150199,150270,150156,150204
1777637400,150155,150511,150127,150447
1777637700,150440,150599,150379,150525
1777638000,150530,150848,150500,150802
1777638300,150800,151100,150782,150900
1777638600,150860,150860,150651,150799
1777638900,150830,150885,150738,150742
1777639200,150742,150742,150534,150599
1777639500,150620,150711,150550,150576
1777639800,150600,150679,150600,150640
1777640100,150630,150649,150542,150559
1777640400,150559,150700,150550,150700
1777640700,150675,150736,150675,150690
1777641000,150678,150678,150563,150563
1777641300,150563,150602,150455,150545
1777641600,150541,150596,150523,150596
1777641900,150584,150584,150497,150497
1777642200,150480,150850,150459,150716
1777642500,150723,150850,150723,150760
1777642800,150755,150890,150755,150789
1777643100,150783,150860,150730,150750
1777643400,150758,151167,150725,151150
1777643700,151112,151396,151086,151250
1777644000,151305,151697,151303,151555
1777644300,151534,151645,151436,151547
1777644600,151544,152197,151544,152089
1777644900,152070,152208,151868,152002
1777645200,152038,152139,151850,151850
1777645500,151818,151980,151743,151743
1777645800,151750,151817,151617,151657
1777646100,151621,151732,151463,151732
1777646400,151677,151677,151445,151494
1777646700,151476,151524,151401,151507
1777647000,151450,151536,151400,151514
1777647300,151430,151549,151430,151522
1777647600,151509,151525,151256,151283
1777647900,151260,151448,151172,151372
1777648200,151399,151680,151350,151680
1777648500,151684,151735,151650,151715
1777648800,151714,151714,151480,151550
1777649100,151533,151555,151504,151505
1777649400,151625,151625,151570,151570
1777649700,151525,151733,151525,151720
1777650000,151720,151797,151718,151756
1777650300,151706,151780,151678,151770
1777650600,151650,151746,151443,151700
1777650900,151720,151720,151684,151706
1777651200,151710,151710,151645,151645
1777651500,151702,151710,151606,151606
1777651800,151560,151704,151560,151704
1777652100,151715,151800,151703,151703
1777652400,151727,151808,151629,151697
1777652700,151669,151669,151538,151538
1777653000,151600,151600,151437,151466
1777653300,151499,151543,151404,151542
1777653600,151541,151605,151532,151544
1777653900,151502,151568,151501,151568
1777654200,151536,151655,151520,151655
1777654500,151620,151657,151602,151630
1777654800,151600,151600,151523,151540
1777655100,151528,151582,151504,151513
1777655400,151516,151516,151516,151516
1777655700,151579,151609,151550,151550
1777656000,151550,151561,151485,151485
1777656300,151422,151485,151400,151400
1777656600,151394,151419,151351,151371
1777656900,151385,151385,151301,151350
1777657200,151377,151389,151293,151301
1777657500,151300,151304,151242,151272
1777657800,151363,151389,151303,151388
1777658100,151388,151460,151315,151363
1777865400,150900,151257,150900,151095
1777865700,151095,151095,150955,150977
1777866000,150935,151037,150860,151037
1777866300,151150,151280,151135,151250
1777866600,151201,151346,151201,151232
1777866900,151259,151347,151259,151315
1777867200,151307,151312,151130,151130
1777867500,151195,151253,151160,151180
1777867800,151186,151215,151100,151191
1777868100,151176,151206,151151,151195
1777868400,151150,151150,151039,151098
1777868700,151092,151105,151040,151040
1777869000,151039,151125,151031,151106
1777869300,151113,151181,151113,151122
1777869600,151082,151100,151025,151049
1777869900,151050,151067,150975,150975
1777870200,150975,151033,150951,150951
1777870500,150950,150950,150902,150908
1777870800,150910,150910,150865,150877
1777871100,150866,150899,150766,150825
1777871400,150800,150810,150701,150720
1777871700,150720,150934,150689,150934
1777872000,150934,150970,150751,150759
1777872300,150778,150778,150523,150523
1777872600,150545,150545,150400,150530
1777872900,150548,150551,150452,150525
1777873200,150535,150634,150470,150634
1777873500,150696,150747,150620,150620
1777873800,150600,150608,150534,150608
1777874100,150589,150623,150567,150623
1777874400,150600,150600,150450,150463
1777874700,150354,150573,150329,150573
1777875000,150520,150634,150463,150634
1777875300,150584,150584,150461,150579
1777875600,150520,150520,150385,150425
1777875900,150381,150450,150336,150450
1777876200,150487,150487,150304,150373
1777876500,150396,150396,150209,150342
1777876800,150262,150367,150260,150260
1777877100,150267,150388,150236,150388
1777877400,150400,150438,150390,150435
1777877700,150384,150438,150370,150404
1777878000,150360,150412,150320,150379
1777878300,150370,150457,150370,150430
1777878600,150465,150500,150403,150469
1777878900,150486,150487,150415,150441
1777879200,150452,150480,150400,150400
1777879500,150400,150420,150346,150350
1777879800,150379,150379,150330,150330
1777880100,150340,150384,150310,150384
1777880400,150384,150414,150311,150414
1777880700,150400,150450,150400,150438
1777881000,150379,150379,150360,150360
1777881300,150332,150332,150206,150206
1777881600,150150,150253,150127,150127
1777881900,150100,150179,150099,150159
1777882200,150225,150225,150150,150150
1777882500,150200,150258,150093,150107
1777882800,150158,150263,150150,150178
1777883100,150163,150237,150120,150120
1777883400,150116,150123,150050,150115
1777883700,150125,150142,150059,150139
1777884000,150240,150250,150189,150189
1777884300,150173,150215,150151,150215
1777884600,150204,150204,150147,150147
1777884900,150106,150156,150098,150111
1777885200,150099,150187,150099,150187
1777885500,150223,150252,150208,150210
1777885800,150253,150374,150237,150346
1777886100,150316,150373,150290,150350
1777886400,150364,150372,150330,150338
1777886700,150319,150340,150300,150333
1777887000,150331,150365,150310,150365
1777887300,150383,150426,150383,150409
1777887600,150410,150425,150317,150317
1777887900,150297,150376,150297,150358
1777888200,150358,150369,150220,150272
1777888500,150265,150266,150100,150214
1777888800,150174,150174,149513,149681
1777889100,149700,149700,149434,149598
1777889400,149600,149600,149364,149447
1777889700,149428,149504,149300,149420
1777890000,149413,149414,148913,149277
1777890300,149274,149480,149254,149382
1777890600,149382,149871,149382,149850
1777890900,149815,149919,149730,149889
1777891200,149899,149986,149792,149800
1777891500,149800,149951,149800,149900
1777891800,149950,149956,149791,149825
1777892100,149816,149880,149797,149880
1777892400,149880,150099,149880,149978
1777892700,149945,149997,149852,149997
1777893000,149997,150018,149901,150018
1777893300,150017,150148,149987,150148
1777893600,150094,150094,150004,150009
1777893900,149974,149974,149901,149943
1777894200,149901,149901,149750,149750
1777894500,149750,149755,149682,149699
1777894800,149720,149832,149720,149780
1777895100,149769,149892,149766,149892
1777895400,149899,149998,149838,149869
1777895700,149857,150059,149857,150059
1777896000,149980,150037,149970,150001
1777896300,150002,150031,149966,149966
1777896600,149964,150070,149964,150070
1777896900,150066,150350,150066,150300
1777897200,150302,150482,150302,150366
1777897500,150330,150330,150142,150146
1777897800,150264,150264,150141,150200
1777898100,150102,150336,150049,150283
1777898400,150319,150400,150316,150350
1777898700,150350,150386,150204,150350
1777899000,150316,150440,150316,150432
1777899300,150410,150410,150352,150352
1777899600,150300,150300,150000,150262
1777899900,150190,150353,150190,150352
1777900200,150368,150438,150195,150195
1777900500,150175,150200,150152,150153
1777900800,150153,150153,150052,150094
1777901100,150094,150150,150053,150053
1777901400,150050,150276,149856,150276
1777901700,150276,150276,150124,150200
1777902000,150155,150247,150100,150132
1777902300,150132,150174,149995,150022
1777902600,149971,150003,149910,149971
1777902900,150070,150185,150013,150110
1777903200,150110,150156,150014,150014
1777903500,150042,150042,149900,149900
1777903800,149942,150119,149855,150113
1777904100,149999,150334,149999,150251
1777904400,150300,150528,150300,150345
1777904700,150421,150421,150227,150227
1777905000,150278,150437,150278,150433
1777905300,150400,150472,150389,150462
1777905600,150455,150524,150340,150340
1777905900,150300,150320,150130,150179
1777906200,150152,150176,150116,150159
1777906500,150262,150262,149990,149990
1777906800,149950,150105,149853,150066
1777907100,150038,150090,149866,149900
1777907400,149955,149970,149645,149667
1777907700,149628,149884,149476,149528
1777908000,149453,149481,148975,149166
1777908300,149199,149651,149087,149541
1777908600,149571,149594,149281,149496
1777908900,149400,149699,149358,149480
1777909200,149415,149497,149324,149497
1777909500,149404,149404,149200,149200
1777909800,149166,149399,148950,149395
1777910100,149399,149400,149200,149200
1777910400,149200,149212,149068,149129
1777910700,149150,149208,148805,148918
1777911000,148969,149100,148760,148903
1777911300,148911,149314,148911,149314
1777911600,149283,149303,149214,149214
1777911900,149196,149206,148944,149139
1777912200,149054,149128,149054,149069
1777912500,149121,149121,149028,149052
1777912800,149050,149055,149000,149055
1777913100,149055,149100,149008,149090
1777913400,149122,149122,149052,149052
1777913700,149131,149145,149081,149145
1777914000,149175,149400,149175,149400
1777914300,149398,149450,149368,149368
1777914600,149373,149403,149349,149382
1777914900,149386,149618,149386,149546
1777915200,149540,149560,149500,149500
1777915500,149413,149499,149314,149320
1777915800,149340,149390,149332,149332
1777916100,149345,149345,149319,149340
1777916400,149329,149350,149300,149329
1777916700,149350,149350,149300,149300
1777917000,149304,149392,149290,149392
1777917300,149392,149399,149218,149350
1777951800,149950,149950,149472,149555
1777952100,149570,149624,149526,149624
1777952400,149597,149603,149531,149531
1777952700,149555,149570,149523,149570
1777953000,149554,149554,149501,149515
1777953300,149518,149527,149424,149462
1777953600,149469,149546,149469,149471
1777953900,149487,149494,149412,149412
1777954200,149400,149400,149300,149300
1777954500,149292,149323,149228,149241
1777954800,149258,149300,149229,149264
1777955100,149232,149263,149232,149263
1777955400,149265,149439,149260,149428
1777955700,149400,149400,149380,149380
1777956000,149360,149390,149339,149365
1777956300,149350,149398,149346,149381
1777956600,149383,149408,149351,149408
1777956900,149391,149417,149341,149373
1777957200,149300,149426,149300,149421
1777957500,149420,149642,149387,149578
1777957800,149544,149570,149530,149539
1777958100,149527,149531,149400,149400
1777958400,149450,149460,149450,149460
1777958700,149458,149470,149458,149465
1777959000,149465,149691,149465,149691
1777959300,149669,149890,149669,149838
1777959600,149820,149840,149688,149744
1777959900,149700,149745,149671,149745
1777960200,149700,149745,149650,149665
1777960500,149682,149691,149644,149658
1777960800,149680,149800,149680,149757
1777961100,149651,149651,149552,149568
1777961400,149521,149626,149521,149580
1777961700,149560,149560,149434,149434
1777962000,149459,149459,149350,149350
1777962300,149342,149350,149311,149350
1777962600,149350,149517,149350,149517
1777962900,149491,149650,149491,149650
1777963200,149625,149675,149587,149611
1777963500,149611,149660,149611,149645
1777963800,149675,149710,149675,149710
1777964100,149757,149768,149663,149686
1777964400,149688,149797,149686,149750
1777964700,149730,149770,149655,149700
1777965000,149700,149770,149660,149732
1777965300,149712,149799,149712,149764
1777965600,149756,149784,149756,149784
1777965900,149749,149749,149650,149650
1777966200,149663,149782,149663,149710
1777966500,149750,149891,149750,149795
1777966800,149796,149836,149760,149760
1777967100,149752,149755,149623,149623
1777967400,149625,149660,149605,149655
1777967700,149638,149646,149601,149646
1777968000,149640,149661,149602,149661
1777968300,149687,149706,149581,149590
1777968600,149590,149750,149542,149736
1777968900,149688,149728,149647,149690
1777969200,149690,149745,149652,149695
1777969500,149720,149770,149690,149690
1777969800,149709,149757,149709,149723
1777970100,149724,149724,149651,149651
1777970400,149697,149697,149638,149652
1777970700,149665,149680,149617,149617
1777971000,149770,149877,149760,149863
1777971300,149826,149925,149797,149870
1777971600,149884,149884,149802,149861
1777971900,149885,149990,149848,149932
1777972200,149945,149996,149920,149950
1777972500,149950,149950,149741,149800
1777972800,149786,149815,149761,149799
1777973100,149786,149830,149761,149800
1777973400,149780,149893,149780,149841
1777973700,149825,149880,149804,149880
1777974000,149856,149881,149840,149840
1777974300,149840,149881,149761,149782
1777974600,149781,149849,149750,149750
1777974900,149780,149800,149750,149800
1777975200,149815,149815,149730,149730
1777975500,149715,149715,149600,149600
1777975800,149600,149646,149555,149646
1777976100,149626,149636,149605,149605
1777976400,149671,149671,149671,149671
1777976700,149669,149669,149496,149496
1777977000,149525,149580,149489,149580
1777977300,149586,149629,149580,149580
1777977600,149580,149580,149406,149406
1777977900,149418,149450,149395,149410
1777978200,149413,149418,149309,149315
1777978500,149316,149410,149316,149410
1777978800,149395,149395,149310,149349
1777979100,149375,149485,149375,149445
1777979400,149490,149567,149490,149550
1777979700,149570,149600,149479,149479
1777980000,149451,149600,149451,149555
1777980300,149568,149615,149568,149568
1777980600,149605,149728,149605,149728
1777980900,149733,149740,149678,149683
1777981200,149670,149825,149670,149797
1777981500,149780,149889,149747,149856
1777981800,149773,149773,149706,149740
1777982100,149740,149740,149700,149707
1777982400,149750,149750,149670,149700
1777982700,149700,149786,149684,149691
1777983000,149765,149878,149743,149865
1777983300,149880,149899,149812,149865
1777983600,149883,150093,149862,150093
1777983900,150100,150210,150075,150174
1777984200,150174,150213,150062,150110
1777984500,150050,150088,149986,150088
1777984800,150063,150063,150000,150012
1777985100,150033,150050,149932,149969
1777985400,149972,149991,149930,149971
1777985700,149990,150010,149990,150000
1777986000,150055,150298,150055,150272
1777986300,150228,150370,150180,150278
1777986600,150242,150312,150205,150267
1777986900,150294,150440,150294,150345
1777987200,150352,150355,150192,150192
1777987500,150232,150348,150225,150247
1777987800,150260,150385,150260,150384
1777988100,150371,150390,150190,150191
1777988400,150191,150251,150150,150198
1777988700,150198,150284,150198,150252
1777989000,150280,150399,150280,150399
1777989300,150337,150337,150250,150280
1777989600,150385,150385,150236,150243
1777989900,150272,150385,150272,150385
1777990200,150343,150362,150055,150055
1777990500,150050,150170,150050,150100
1777990800,150051,150280,150051,150280
1777991100,150300,150430,150300,150377
1777991400,150398,150398,150238,150238
1777991700,150287,150296,150236,150292
1777992000,150305,150370,150305,150355
1777992300,150300,150320,150200,150200
1777992600,150178,150201,150170,150199
1777992900,150214,150240,150214,150220
1777993200,150235,150300,150180,150300
1777993500,150280,150299,150280,150299
1777993800,150298,150298,150298,150298
1777994100,150250,150250,150180,150180
1777994400,150177,150185,150100,150168
1777994700,150148,150167,150097,150097
1777995000,150128,150150,150094,150133
1777995300,150116,150116,150050,150050
1777995600,150050,150050,149982,150000
1777995900,149982,150050,149970,150050
1777996200,150042,150042,149984,149984
1777996500,149990,149990,149915,149921
1777996800,149910,149928,149849,149928
1777997100,149848,149887,149828,149860
1777997400,149880,149920,149840,149920
1777997700,149920,149920,149833,149894
1777998000,149900,149900,149817,149817
1777998300,149777,149777,149663,149687
1777998600,149746,149746,149549,149678
1777998900,149700,149723,149675,149675
1777999200,149650,149700,149650,149670
1777999500,149633,149692,149633,149674
1777999800,149715,149750,149704,149750
1778000100,149763,149808,149763,149785
1778000400,149773,149773,149755,149755
1778000700,149730,149730,149613,149614
1778001000,149610,149640,149570,149600
1778001300,149682,149725,149617,149725
1778001600,149750,149750,149691,149691
1778001900,149685,149685,149680,149680
1778002200,149680,149750,149620,149750
1778002500,149723,149723,149689,149689
1778002800,149740,149750,149740,149750
1778003100,149798,149799,149750,149799
1778003400,149827,149836,149722,149770
1778003700,149770,149839,149720,149838
1778038200,151903,152182,151653,151740
1778038500,151767,151880,151735,151880
1778038800,151879,151894,151727,151809
1778039100,151818,151845,151676,151750
1778039400,151760,151796,151682,151685
1778039700,151700,151740,151680,151730
1778040000,151700,151830,151700,151830
1778040300,151789,151872,151789,151804
1778040600,151850,151885,151829,151885
1778040900,151899,151929,151846,151846
1778041200,151849,151849,151801,151825
1778041500,151807,151992,151800,151967
1778041800,151967,151999,151935,151961
1778042100,151955,151961,151890,151900
1778042400,151950,151961,151864,151864
1778042700,151900,151999,151864,151988
1778043000,151999,151999,151905,151930
1778043300,151927,151960,151927,151957
1778043600,151925,152099,151925,152099
1778043900,152089,152126,151974,152101
1778044200,152100,152130,152034,152087
1778044500,152025,152042,151873,151950
1778044800,151950,152031,151896,152031
1778045100,152041,152093,151982,152006
1778045400,152010,152010,151840,151888
1778045700,151825,151902,151800,151862
1778046000,151825,151992,151818,151955
1778046300,151939,152051,151939,152001
1778046600,152039,152155,152012,152155
1778046900,152155,152450,152155,152365
1778047200,152410,152455,152353,152360
1778047500,152306,152634,152221,152549
1778047800,152568,152570,152373,152400
1778048100,152365,152450,152317,152400
1778048400,152407,152549,152407,152549
1778048700,152500,152599,152500,152598
1778049000,152596,152680,152555,152555
1778049300,152525,152525,152380,152380
1778049600,152456,152494,152088,152417
1778049900,152373,152409,152249,152355
1778050200,152277,152312,152123,152312
1778050500,152342,152380,152303,152380
1778050800,152380,152402,152320,152320
1778051100,152300,152311,152278,152311
1778051400,152327,152327,152112,152112
1778051700,152052,152243,152025,152243
1778052000,152209,152225,152150,152225
1778052300,152299,152338,152261,152280
1778052600,152260,152260,152175,152240
1778052900,152260,152260,152200,152210
1778053200,152210,152320,152210,152300
1778053500,152325,152462,152325,152422
1778053800,152480,152525,152440,152493
1778054100,152530,152578,152454,152543
1778054400,152543,152543,152409,152525
1778054700,152537,152537,152351,152411
1778055000,152420,152547,152420,152519
1778055300,152480,152513,152428,152460
1778055600,152413,152436,152362,152420
1778055900,152400,152419,152312,152312
1778056200,152300,152336,152189,152189
1778056500,152157,152245,152130,152201
1778056800,152250,152292,152250,152292
1778057100,152295,152345,152259,152345
1778057400,152359,152625,152359,152526
1778057700,152456,152570,152425,152570
1778058000,152589,152885,152364,152364
1778058300,152359,152499,152252,152474
1778058600,152474,152499,152400,152430
1778058900,152449,152563,152449,152502
1778059200,152511,152511,152401,152401
1778059500,152479,152506,152424,152437
1778059800,152482,152565,152407,152509
1778060100,152513,152648,152513,152600
1778060400,152604,152604,152430,152465
1778060700,152467,152577,152451,152574
1778061000,152564,152594,152528,152594
1778061300,152599,152654,152586,152623
1778061600,152687,152707,152633,152642
1778061900,152605,152637,152550,152550
1778062200,152522,152572,152481,152547
1778062500,152522,152590,152490,152516
1778062800,152535,152650,152516,152646
1778063100,152620,152680,152618,152625
1778063400,152669,152824,152669,152760
1778063700,152767,152786,152700,152768
1778064000,152770,152860,152766,152860
1778064300,152860,152880,152700,152726
1778064600,152726,152889,152665,152839
1778064900,152783,152810,152736,152804
1778065200,152770,152795,152615,152684
1778065500,152693,152799,152693,152799
1778065800,152799,152800,152564,152576
1778066100,152583,152597,152519,152548
1778066400,152501,152578,152500,152500
1778066700,152499,152583,152490,152490
1778067000,152480,152700,152446,152700
1778067300,152680,152775,152633,152633
1778067600,152633,152633,152302,152302
1778067900,152303,152400,152300,152329
1778068200,152350,152443,152308,152378
1778068500,152378,152378,152170,152245
1778068800,152162,152200,151900,152006
1778069100,152010,152200,152010,152100
1778069400,152101,152101,151900,151900
1778069700,151900,151933,151602,151749
1778070000,151775,152146,151775,152146
1778070300,152109,152215,152100,152100
1778070600,152121,152124,151895,152050
1778070900,152055,152086,152050,152086
1778071200,152100,152148,152100,152117
1778071500,152149,152168,152020,152029
1778071800,152077,152133,152000,152000
1778072100,152023,152193,151995,152193
1778072400,152181,152394,152100,152239
1778072700,152150,152247,151940,152005
1778073000,152005,152185,152005,152185
1778073300,152194,152347,152194,152200
1778073600,152160,152222,152160,152222
1778073900,152250,152275,152198,152275
1778074200,152235,152580,152151,152550
1778074500,152550,152550,152412,152439
1778074800,152436,152450,152382,152450
1778075100,152440,152550,152382,152518
1778075400,152516,152700,152448,152634
1778075700,152606,152635,152566,152600
1778076000,152600,152762,152600,152654
1778076300,152670,152734,152523,152733
1778076600,152672,152799,152672,152783
1778076900,152771,152870,152701,152701
1778077200,152714,152725,152600,152649
1778077500,152640,152675,152565,152565
1778077800,152505,152600,152505,152516
1778078100,152515,152549,152500,152523
1778078400,152588,152639,152501,152600
1778078700,152600,152600,152460,152460
1778079000,152450,152450,152300,152300
1778079300,152400,152420,152400,152402
1778079600,152381,152420,152352,152420
1778079900,152481,152481,152257,152297
1778080200,152296,152296,152205,152205
1778080500,152205,152330,152205,152330
1778080800,152391,152400,152379,152379
1778081100,152330,152330,152251,152251
1778081400,152251,152259,152160,152160
1778081700,152198,152227,152130,152157
1778082000,152140,152184,152063,152154
1778082300,152141,152254,152141,152191
1778082600,152161,152171,152077,152101
1778082900,152111,152175,152078,152078
1778083200,152061,152092,151986,152092
1778083500,152055,152124,152022,152030
1778083800,152100,152100,152041,152041
1778084100,152150,152150,152150,152150
1778084400,152046,152133,152032,152032
1778084700,152033,152198,152033,152165
1778085000,152165,152198,152121,152133
1778085300,152161,152264,152161,152262
1778085600,152262,152284,152245,152245
1778085900,152200,152227,152200,152227
1778086200,152175,152175,152130,152130
1778086500,152065,152075,152016,152016
1778086800,152052,152136,152029,152136
1778087100,152149,152205,152103,152160
1778087400,152145,152145,152093,152093
1778087700,152100,152100,152034,152034
1778088000,152075,152075,152075,152075
1778088300,152054,152100,152054,152100
1778088600,152101,152163,152101,152145
1778088900,152115,152142,152089,152142
1778089200,152080,152100,152075,152087
1778089500,152128,152174,152114,152114
1778089800,152168,152173,152074,152150
1778090100,152150,152219,152115,152219
1778124600,152887,152887,152622,152730
1778124900,152730,152750,152650,152700
1778125200,152701,152715,152686,152686
1778125500,152690,152699,152611,152679
1778125800,152695,152729,152660,152680
1778126100,152673,152715,152622,152698
1778126400,152600,152630,152580,152604
1778126700,152590,152650,152578,152600
1778127000,152600,152609,152464,152470
1778127300,152466,152572,152419,152571
1778127600,152558,152625,152540,152548
1778127900,152531,152535,152500,152535
1778128200,152500,152500,152481,152498
1778128500,152485,152528,152400,152528
1778128800,152529,152659,152529,152609
1778129100,152612,152644,152553,152578
1778129400,152553,152575,152522,152527
1778129700,152536,152580,152535,152580
1778130000,152567,152730,152567,152730
1778130300,152730,152730,152663,152706
1778130600,152706,152750,152706,152749
1778130900,152732,152800,152651,152688
1778131200,152648,152713,152633,152633
1778131500,152604,152604,152500,152529
1778131800,152500,152785,152500,152682
1778132100,152779,152789,152708,152754
1778132400,152733,152750,152668,152746
1778132700,152740,152795,152736,152760
1778133000,152780,152800,152741,152741
1778133300,152780,152791,152720,152751
1778133600,152790,152881,152790,152813
1778133900,152804,152934,152800,152910
1778134200,152910,152990,152855,152930
1778134500,152926,152980,152856,152962
1778134800,152959,152980,152890,152966
1778135100,152930,153085,152930,153085
1778135400,153099,153450,153032,153425
1778135700,153453,153667,153447,153660
1778136000,153667,153865,153594,153770
1778136300,153768,153802,153550,153601
1778136600,153600,153611,153500,153525
1778136900,153525,153649,153522,153628
1778137200,153628,153668,153262,153321
1778137500,153338,153557,153165,153432
1778137800,153499,153592,153382,153387
1778138100,153370,153439,153200,153300
1778138400,153303,153361,153250,153250
1778138700,153259,153376,153246,153329
1778139000,153363,153363,153250,153250
1778139300,153250,153297,153060,153060
1778139600,153060,153277,153060,153273
1778139900,153250,153296,153133,153200
1778140200,153232,153320,153220,153287
1778140500,153273,153350,153267,153300
1778140800,153320,153540,153300,153500
1778141100,153500,153543,153391,153397
1778141400,153438,153490,153372,153372
1778141700,153350,153350,153159,153159
1778142000,153203,153213,153156,153180
1778142300,153161,153161,152892,153000
1778142600,153051,153060,152800,152864
1778142900,152868,152938,152855,152866
1778143200,152900,152972,152900,152920
1778143500,152947,152947,152850,152864
1778143800,152864,152867,152818,152850
1778144100,152881,152888,152760,152760
1778144400,152750,152750,152610,152680
1778144700,152690,152910,152690,152910
1778145000,152930,153001,152900,152901
1778145300,152904,153026,152900,152990
1778145600,152976,153053,152940,153037
1778145900,153038,153095,153000,153001
1778146200,153000,153020,152944,153000
1778146500,153019,153121,152998,153107
1778146800,153107,153190,153093,153179
1778147100,153171,153190,153110,153110
1778147400,153131,153135,153022,153077
1778147700,153061,153061,152824,152899
1778148000,152875,152981,152850,152940
1778148300,152900,152964,152870,152945
1778148600,152938,152974,152938,152939
1778148900,152985,152985,152925,152925
1778149200,152852,152908,152800,152906
1778149500,152950,152950,152869,152869
1778149800,152880,152880,152820,152826
1778150100,152900,153031,152900,153001
1778150400,153039,153137,153039,153130
1778150700,153130,153130,153083,153100
1778151000,153080,153090,153039,153090
1778151300,153060,153060,153036,153059
1778151600,153053,153074,153000,153055
1778151900,153050,153062,153000,153000
1778152200,153009,153019,152912,152912
1778152500,152952,152952,152891,152910
1778152800,152933,153021,152873,153003
1778153100,153003,153092,152951,152959
1778153400,153000,153058,152990,153050
1778153700,153049,153078,152997,153010
1778154000,153027,153038,153027,153030
1778154300,153038,153076,153031,153050
1778154600,153018,153092,153018,153092
1778154900,153098,153191,153098,153186
1778155200,153137,153191,153070,153070
1778155500,153090,153110,153080,153080
1778155800,153060,153186,153060,153186
1778156100,153182,153247,153150,153185
1778156400,153150,153192,152948,152974
1778156700,152960,153060,152921,153014
1778157000,153069,153277,153005,153200
1778157300,153185,153244,153122,153207
1778157600,153200,153300,153200,153255
1778157900,153260,153271,153213,153230
1778158200,153205,153205,153167,153192
1778158500,153151,153171,153120,153167
1778158800,153201,153201,152929,152933
1778159100,152934,153031,152906,153000
1778159400,152950,152961,152800,152800
1778159700,152809,152976,152809,152953
1778160000,152916,152997,152902,152997
1778160300,152963,153037,152946,153037
1778160600,152969,153393,152969,153300
1778160900,153299,153300,153161,153235
1778161200,153203,153275,153164,153220
1778161500,153205,153205,152990,152995
1778161800,153051,153051,152916,153051
1778162100,153024,153181,153024,153140
1778162400,153130,153148,153000,153017
1778162700,153071,153113,153071,153113
1778163000,153100,153287,153061,153222
1778163300,153299,153299,153080,153200
1778163600,153281,153373,153244,153373
1778163900,153379,153415,153309,153351
1778164200,153360,153374,153154,153154
1778164500,153161,153277,153149,153222
1778164800,153300,153323,153249,153249
1778165100,153225,153339,153225,153333
1778165400,153340,153400,153330,153400
1778165700,153414,153439,153368,153438
1778166000,153438,153499,153321,153368
1778166300,153362,153362,153255,153338
1778166600,153370,153425,153269,153269
1778166900,153269,153319,153250,153319
1778167200,153154,153200,153137,153137
1778167500,153105,153194,152916,152987
1778167800,153071,153156,153061,153150
1778168100,153125,153125,153099,153099
1778168400,153100,153108,152980,152980
1778168700,152979,152990,152917,152917
1778169000,152915,152978,152859,152869
1778169300,152869,152888,152774,152825
1778169600,152800,152800,152669,152669
1778169900,152652,152673,152465,152465
1778170200,152471,152569,152409,152436
1778170500,152437,152437,152185,152250
1778170800,152255,152596,152255,152596
1778171100,152571,152720,152571,152670
1778171400,152574,152612,152452,152580
1778171700,152610,152610,152451,152451
1778172000,152451,152477,152412,152432
1778172300,152438,152525,152438,152517
1778172600,152517,152570,152470,152570
1778172900,152603,152603,152490,152510
1778173200,152512,152550,152500,152550
1778173500,152550,152640,152550,152601
1778173800,152584,152584,152481,152481
1778174100,152452,152511,152341,152341
1778174400,152360,152510,152302,152478
1778174700,152477,152558,151864,152108
1778175000,152108,152249,152041,152111
1778175300,152179,152323,152150,152323
1778175600,152320,152340,152242,152242
1778175900,152208,152293,152194,152250
1778176200,152293,152305,152239,152252
1778176500,152319,152466,152316,152401
1778211000,152672,153084,152672,153084
1778211300,153035,153103,152814,152830
1778211600,152828,152870,152751,152812
1778211900,152820,152901,152721,152746
1778212200,152721,152796,152681,152681
1778212500,152709,152750,152701,152740
1778212800,152762,152934,152762,152851
1778213100,152794,152864,152730,152864
1778213400,152872,152872,152700,152738
1778213700,152750,152770,152700,152711
1778214000,152742,152758,152735,152758
1778214300,152780,152780,152699,152730
1778214600,152750,152750,152641,152650
1778214900,152640,152680,152581,152583
1778215200,152615,152615,152454,152560
1778215500,152525,152609,152525,152594
1778215800,152650,152665,152566,152583
1778216100,152607,152621,152500,152500
1778216400,152511,152591,152511,152583
1778216700,152583,152662,152536,152662
1778217000,152603,152615,152589,152615
1778217300,152615,152700,152580,152700
1778217600,152710,152730,152700,152730
1778217900,152690,152775,152689,152775
1778218200,152751,152982,152751,152930
1778218500,152889,152931,152851,152890
1778218800,152950,152978,152911,152978
1778219100,152978,153039,152935,153039
1778219400,153050,153089,152994,152997
1778219700,153017,153080,152970,152970
1778220000,152952,153037,152626,153026
1778220300,152966,152985,152856,152940
1778220600,152940,152981,152859,152899
1778220900,152899,152999,152865,152959
1778221200,152991,152991,152901,152951
1778221500,152972,153087,152972,153050
1778221800,153047,153087,152925,152970
1778222100,152927,152990,152906,152945
1778222400,152950,153075,152950,152978
1778222700,152900,152900,152800,152801
1778223000,152866,152915,152856,152915
1778223300,152900,152900,152842,152850
1778223600,152820,152842,152758,152800
1778223900,152843,152843,152784,152842
1778224200,152784,152784,152651,152655
1778224500,152677,152719,152626,152670
1778224800,152667,152680,152483,152521
1778225100,152521,152605,152320,152605
1778225400,152544,152658,152467,152626
1778225700,152600,152630,152600,152630
1778226000,152600,152601,152571,152590
1778226300,152588,152709,152588,152690
1778226600,152720,152739,152702,152702
1778226900,152667,152699,152667,152698
1778227200,152695,152749,152673,152735
1778227500,152738,152740,152676,152740
1778227800,152742,152838,152710,152838
1778228100,152815,152900,152800,152858
1778228400,152877,153023,152877,152945
1778228700,152945,152989,152784,152806
1778229000,152842,152842,152816,152816
1778229300,152850,152917,152819,152860
1778229600,152836,152836,152800,152805
1778229900,152801,152817,152775,152807
1778230200,152831,152831,152685,152685
1778230500,152660,152705,152623,152683
1778230800,152610,152736,152610,152736
1778231100,152740,152793,152687,152706
1778231400,152669,152678,152626,152634
1778231700,152650,152756,152650,152756
1778232000,152729,152784,152668,152765
1778232300,152765,152790,152675,152675
1778232600,152699,152700,152555,152600
1778232900,152650,152654,152555,152555
1778233200,152615,152695,152566,152632
1778233500,152616,152616,152550,152570
1778233800,152599,152610,152560,152566
1778234100,152594,152654,152580,152645
1778234400,152661,152702,152660,152695
1778234700,152675,152675,152646,152674
1778235000,152683,152697,152674,152697
1778235300,152755,152755,152701,152705
1778235600,152751,152799,152721,152765
1778235900,152765,152840,152765,152823
1778236200,152816,152841,152757,152841
1778236500,152841,152951,152841,152937
1778236800,152940,152950,152900,152936
1778237100,152889,152928,152831,152831
1778237400,152763,152855,152763,152843
1778237700,152800,152800,152670,152770
1778238000,152816,152913,152790,152913
1778238300,152920,152950,152867,152867
1778238600,152830,152830,152741,152801
1778238900,152851,152875,152851,152875
1778239200,152820,152820,152801,152801
1778239500,152858,152898,152850,152850
1778239800,152850,152897,152850,152850
1778240100,152827,152860,152825,152850
1778240400,152822,152824,152751,152751
1778240700,152731,152739,152712,152725
1778241000,152734,152734,152666,152682
1778241300,152750,152750,152690,152720
1778241600,152762,152793,152626,152626
1778241900,152614,152643,152555,152573
1778242200,152587,152587,152420,152438
1778242500,152411,152590,152400,152584
1778242800,152569,152572,152482,152504
1778243100,152500,152600,152494,152541
1778243400,152454,152820,152429,152820
1778243700,152836,152890,152750,152890
1778244000,152890,152933,152766,152899
1778244300,152767,152845,152725,152830
1778244600,152846,152979,152770,152979
1778244900,152975,152980,152721,152756
1778245200,152710,152925,152710,152790
1778245500,152765,152780,152700,152700
1778245800,152720,152749,152635,152727
1778246100,152733,152877,152733,152844
1778246400,152860,152897,152809,152850
1778246700,152890,152900,152834,152834
1778247000,152900,153274,152900,153182
1778247300,153179,153298,153123,153162
1778247600,153125,153220,153078,153156
1778247900,153180,153299,153080,153140
1778248200,153185,153290,153154,153200
1778248500,153188,153387,153188,153387
1778248800,153409,153440,153200,153200
1778249100,153139,153173,152900,152933
1778249400,152950,153099,152800,153059
1778249700,153039,153120,152920,152954
1778250000,152925,152954,152821,152850
1778250300,152859,152985,152776,152827
1778250600,152800,152829,152669,152829
1778250900,152849,152893,152816,152875
1778251200,152863,152906,152800,152826
1778251500,152792,152792,152651,152700
1778251800,152701,152750,152615,152749
1778252100,152767,152767,152680,152688
1778252400,152660,152660,152581,152603
1778252700,152603,152767,152603,152735
1778253000,152631,152631,152436,152488
1778253300,152460,152488,152400,152423
1778253600,152430,152531,152375,152474
1778253900,152464,152570,152401,152570
1778254200,152570,152616,152397,152491
1778254500,152498,152576,152467,152560
1778254800,152560,152560,152367,152367
1778255100,152326,152430,152269,152374
1778255400,152382,152450,152382,152450
1778255700,152343,152371,152250,152371
1778256000,152362,152362,152199,152252
1778256300,152200,152388,152200,152324
1778256600,152251,152335,152220,152326
1778256900,152352,152410,152302,152367
1778257200,152350,152497,152350,152497
1778257500,152493,152493,152348,152411
1778257800,152448,152485,152400,152429
1778258100,152371,152452,152350,152395
1778258400,152374,152374,152250,152282
1778258700,152288,152377,152250,152250
1778259000,152250,152320,152249,152268
1778259300,152278,152305,152218,152218
1778259600,152212,152323,152212,152295
1778259900,152360,152360,152300,152300
1778260200,152290,152375,152258,152375
1778260500,152402,152464,152385,152447
1778260800,152429,152500,152409,152450
1778261100,152469,152550,152469,152536
1778261400,152534,152547,152502,152530
1778261700,152530,152550,152505,152511
1778262000,152514,152567,152513,152567
1778262300,152563,152565,152507,152507
1778262600,152485,152543,152480,152493
1778262900,152566,152589,152495,152589
1778470200,153478,153478,152000,152205
1778470500,152236,152400,152078,152081
1778470800,152170,152260,152090,152260
1778471100,152250,152289,152100,152100
1778471400,152100,152153,151983,151983
1778471700,152025,152025,151900,151971
1778472000,152039,152049,151911,151991
1778472300,151991,151999,151952,151989
1778472600,151989,152012,151941,151970
1778472900,151952,152069,151909,151918
1778473200,151900,151981,151900,151980
1778473500,151985,152037,151965,152020
1778473800,152001,152096,151892,152091
1778474100,152075,152092,152019,152043
1778474400,152012,152189,152012,152167
1778474700,152167,152169,152115,152140
1778475000,152163,152168,152066,152101
1778475300,152125,152137,152092,152101
1778475600,152136,152200,152136,152189
1778475900,152184,152184,152100,152100
1778476200,152090,152100,152090,152100
1778476500,152100,152125,152100,152125
1778476800,152057,152128,152057,152128
1778477100,152127,152144,152056,152068
1778477400,152122,152234,152122,152225
1778477700,152250,152266,152210,152210
1778478000,152252,152262,151916,151922
1778478300,151943,151954,151833,151890
1778478600,151888,151888,151632,151632
1778478900,151634,151670,151500,151645
1778479200,151638,151792,151600,151792
1778479500,151800,151902,151755,151856
1778479800,151860,151922,151860,151922
1778480100,151894,152019,151894,152019
1778480400,152040,152075,151926,151970
1778480700,151937,151985,151902,151948
1778481000,151930,152050,151930,152036
1778481300,152049,152105,152038,152105
1778481600,152089,152150,151968,152130
1778481900,152116,152184,152108,152150
1778482200,152154,152264,152120,152244
1778482500,152248,152250,152200,152200
1778482800,152240,152240,152210,152210
1778483100,152200,152200,152130,152130
1778483400,152130,152218,152120,152218
1778483700,152200,152200,152120,152170
1778484000,152170,152300,152170,152300
1778484300,152300,152385,152300,152344
1778484600,152310,152327,152225,152240
1778484900,152240,152251,152210,152238
1778485200,152211,152241,152150,152150
1778485500,152192,152192,152030,152031
1778485800,152005,152053,152000,152053
1778486100,152100,152100,152044,152044
1778486400,152062,152100,152028,152100
1778486700,152120,152140,152095,152095
1778487000,152053,152227,152053,152200
1778487300,152210,152295,152210,152294
1778487600,152290,152294,152212,152294
1778487900,152274,152274,152242,152242
1778488200,152149,152315,152149,152289
1778488500,152273,152273,152191,152234
1778488800,152215,152224,152151,152195
1778489100,152193,152214,152142,152170
1778489400,152170,152197,152118,152125
1778489700,152126,152126,152100,152100
1778490000,152100,152152,152100,152134
1778490300,152173,152173,152155,152155
1778490600,152140,152140,152140,152140
1778490900,152106,152127,152081,152101
1778491200,152083,152083,151900,151907
1778491500,151923,151987,151890,151900
1778491800,151900,151900,151800,151846
1778492100,151860,152004,151860,151960
1778492400,151961,152130,151961,152100
1778492700,152063,152109,151994,151994
1778493000,152000,152024,151906,151971
1778493300,151966,151980,151884,151900
1778493600,151888,152018,151888,152007
1778493900,151999,151999,151881,151991
1778494200,151980,152007,151980,152007
1778494500,151968,152003,151968,151984
1778494800,151973,152014,151925,152014
1778495100,152022,152035,151999,152019
1778495400,151975,152050,151975,152050
1778495700,152050,152089,151941,151950
1778496000,151950,151980,151935,151935
1778496300,151980,152100,151975,152100
1778496600,152073,152130,152053,152119
1778496900,152086,152126,152086,152100
1778497200,152076,152220,152076,152220
1778497500,152214,152214,152112,152112
1778497800,152175,152175,152129,152140
1778498100,152151,152155,152116,152116
1778498400,152159,152161,152117,152117
1778498700,152120,152196,152120,152194
1778499000,152220,152269,152220,152235
1778499300,152170,152399,152170,152396
1778499600,152400,152480,152400,152400
1778499900,152415,152415,152321,152321
1778500200,152350,152350,152225,152336
1778500500,152358,152400,152322,152400
1778500800,152416,152416,152325,152325
1778501100,152332,152332,152226,152271
1778501400,152282,152282,152201,152260
1778501700,152240,152379,152240,152322
1778502000,152350,152899,152350,152832
1778502300,152823,152889,152693,152881
1778502600,152882,152998,152834,152948
1778502900,152999,153085,152961,152975
1778503200,152996,152996,152790,152894
1778503500,152899,152985,152760,152760
1778503800,152820,152921,152780,152921
1778504100,152854,153119,152852,153048
1778504400,153056,153400,153056,153365
1778504700,153400,153580,153396,153571
1778505000,153578,153690,153389,153673
1778505300,153660,153921,153660,153852
1778505600,153806,154050,153779,153994
1778505900,153979,154040,153770,153791
1778506200,153812,154050,153812,154023
1778506500,154038,154162,154008,154063
1778506800,154063,154300,154063,154272
1778507100,154277,154360,154000,154056
1778507400,154056,154165,153931,154146
1778507700,154122,154230,154052,154055
1778508000,154049,154069,153755,153856
1778508300,153813,153825,153516,153777
1778508600,153754,153924,153629,153843
1778508900,153872,153901,153694,153901
1778509200,153918,154056,153892,154056
1778509500,154055,154066,153740,153740
1778509800,153770,153800,153513,153621
1778510100,153689,153900,153689,153865
1778510400,153817,153989,153817,153970
1778510700,153924,153966,153730,153809
1778511000,153764,153859,153750,153827
1778511300,153828,153828,153650,153716
1778511600,153716,153808,153657,153761
1778511900,153769,153878,153746,153855
1778512200,153850,153894,153811,153851
1778512500,153838,153999,153838,153982
1778512800,153955,154170,153955,154166
1778513100,154144,154160,153902,153930
1778513400,153997,153998,153932,153950
1778513700,153901,153901,153850,153883
1778514000,153885,153916,153838,153886
1778514300,153800,153898,153750,153898
1778514600,153828,153936,153828,153936
1778514900,153930,153965,153915,153965
1778515200,153955,154029,153950,154000
1778515500,153977,153977,153814,153814
1778515800,153823,153871,153762,153781
1778516100,153781,153781,153724,153738
1778516400,153738,153738,153686,153722
1778516700,153707,153725,153684,153722
1778517000,153739,153777,153662,153662
1778517300,153675,153675,153552,153607
1778517600,153644,153644,153254,153456
1778517900,153329,153496,153329,153468
1778518200,153468,153536,153430,153430
1778518500,153430,153466,153384,153450
1778518800,153470,153550,153470,153497
1778519100,153540,153599,153540,153599
1778519400,153577,153577,153469,153540
1778519700,153546,153546,153517,153528
1778520000,153596,153666,153596,153601
1778520300,153616,153626,153569,153573
1778520600,153513,153673,153513,153650
1778520900,153617,153662,153612,153655
1778521200,153656,153688,153628,153688
1778521500,153699,153700,153668,153673
1778521800,153698,153728,153632,153632
1778522100,153640,153750,153622,153750
1778556600,153999,154110,153851,154058
1778556900,154097,154243,154086,154243
1778557200,154200,154224,154037,154037
1778557500,154067,154074,153863,153959
1778557800,153959,154100,153959,154038
1778558100,154000,154000,153891,153940
1778558400,153970,154005,153888,153888
1778558700,153990,154024,153953,153974
1778559000,154014,154050,153953,153953
1778559300,153957,154200,153957,154150
1778559600,154135,154224,154114,154154
1778559900,154144,154144,154025,154027
1778560200,154015,154084,153965,154043
1778560500,154042,154131,154040,154100
1778560800,154127,154150,154040,154052
1778561100,154025,154048,153900,153901
1778561400,153901,154017,153771,153779
1778561700,153780,153901,153725,153785
1778562000,153785,153869,153733,153869
1778562300,153890,153894,153682,153682
1778562600,153660,153716,153606,153700
1778562900,153750,153832,153750,153768
1778563200,153799,153840,153799,153840
1778563500,153794,153833,153754,153774
1778563800,153783,153979,153783,153800
1778564100,153822,153888,153801,153888
1778564400,153891,153891,153809,153829
1778564700,153808,153917,153795,153850
1778565000,153864,153864,153795,153795
1778565300,153755,153944,153755,153848
1778565600,153691,153793,153597,153615
1778565900,153611,153701,153510,153525
1778566200,153537,153600,153463,153582
1778566500,153574,153610,153421,153535
1778566800,153515,153548,153356,153370
1778567100,153356,153401,153292,153292
1778567400,153281,153398,153237,153398
1778567700,153408,153453,153324,153329
1778568000,153329,153460,153329,153346
1778568300,153415,153488,153275,153277
1778568600,153270,153329,153216,153286
1778568900,153288,153288,153116,153152
1778569200,153180,153210,153090,153090
1778569500,153136,153188,153016,153148
1778569800,153188,153330,153130,153258
1778570100,153250,153461,153240,153450
1778570400,153475,153475,153440,153459
1778570700,153459,153560,153427,153525
1778571000,153461,153552,153369,153552
1778571300,153552,153610,153516,153592
1778571600,153599,153676,153597,153673
1778571900,153590,153690,153590,153635
1778572200,153600,153730,153600,153729
1778572500,153677,153808,153677,153680
1778572800,153687,153892,153687,153840
1778573100,153811,153850,153724,153741
1778573400,153701,153715,153596,153672
1778573700,153596,153600,153531,153566
1778574000,153600,153672,153600,153650
1778574300,153630,153630,153630,153630
1778574600,153639,153639,153601,153601
1778574900,153621,153644,153592,153620
1778575200,153628,153630,153558,153630
1778575500,153600,153729,153600,153690
1778575800,153685,153699,153673,153675
1778576100,153678,153700,153671,153700
1778576400,153645,153645,153596,153640
1778576700,153640,153640,153626,153626
1778577000,153631,153655,153521,153550
1778577300,153516,153580,153516,153550
1778577600,153540,153540,153540,153540
1778577900,153531,153543,153423,153423
1778578200,153431,153594,153431,153526
1778578500,153545,153545,153480,153540
1778578800,153585,153585,153377,153377
1778579100,153377,153532,153344,153532
1778579400,153568,153568,153437,153437
1778579700,153469,153497,153439,153460
1778580000,153504,153631,153504,153587
1778580300,153602,153740,153602,153727
1778580600,153750,153750,153701,153737
1778580900,153670,153670,153630,153670
1778581200,153668,153688,153615,153660
1778581500,153610,153632,153524,153524
1778581800,153526,153526,153344,153430
1778582100,153401,153401,153150,153179
1778582400,153123,153345,153121,153297
1778582700,153300,153320,153200,153235
1778583000,153221,153320,153221,153300
1778583300,153270,153374,153255,153370
1778583600,153390,153390,153247,153319
1778583900,153290,153290,153142,153256
1778584200,153249,153383,153249,153345
1778584500,153377,153415,153371,153415
1778584800,153398,153402,153398,153398
1778585100,153334,153538,153310,153538
1778585400,153550,153589,153490,153499
1778585700,153529,153639,153529,153625
1778586000,153640,153738,153640,153738
1778586300,153746,153746,153647,153706
1778586600,153729,153750,153671,153726
1778586900,153733,153829,153733,153800
1778587200,153828,153829,153749,153763
1778587500,153713,153713,153560,153601
1778587800,153631,153808,153631,153808
1778588100,153798,153808,153656,153698
1778588400,153809,153812,153599,153599
1778588700,153577,153600,153510,153572
1778589000,153612,153677,153333,153459
1778589300,153400,153648,153400,153647
1778589600,153669,153799,153669,153703
1778589900,153727,153892,153727,153800
1778590200,153845,153980,153825,153949
1778590500,153922,153966,153730,153816
1778590800,153868,153903,153586,153600
1778591100,153604,153675,153508,153675
1778591400,153636,153653,153431,153482
1778591700,153478,153478,153274,153464
1778592000,153437,153649,153437,153531
1778592300,153515,153623,153515,153550
1778592600,153611,153643,153411,153477
1778592900,153515,153750,153405,153750
1778593200,153790,153915,153737,153840
1778593500,153910,153923,153674,153764
1778593800,153790,153817,153668,153817
1778594100,153770,153770,153356,153461
1778594400,153460,153750,153365,153738
1778594700,153701,153792,153650,153787
1778595000,153724,153867,153629,153800
1778595300,153786,153825,153639,153705
1778595600,153718,153764,153664,153741
1778595900,153700,153700,153538,153538
1778596200,153505,153610,153252,153610
1778596500,153597,153730,153522,153660
1778596800,153677,153680,153608,153670
1778597100,153627,153637,153459,153459
1778597400,153480,153508,153300,153477
1778597700,153494,153534,153260,153376
1778598000,153390,153438,153225,153255
1778598300,153254,153450,153230,153429
1778598600,153429,153429,153202,153202
1778598900,153231,153244,153040,153086
1778599200,153077,153084,152559,152724
1778599500,152694,153040,152603,153040
1778599800,153062,153222,153031,153222
1778600100,153131,153285,153098,153285
1778600400,153255,153295,153200,153215
1778600700,153255,153310,153193,153246
1778601000,153278,153288,153235,153271
1778601300,153270,153332,153265,153295
1778601600,153287,153400,153250,153374
1778601900,153358,153390,153320,153338
1778602200,153335,153432,153305,153400
1778602500,153420,153468,153360,153370
1778602800,153376,153387,153216,153216
1778603100,153241,153281,153212,153250
1778603400,153250,153250,153158,153200
1778603700,153252,153334,153252,153306
1778604000,153324,153333,153324,153333
1778604300,153259,153280,153240,153255
1778604600,153268,153379,153268,153300
1778604900,153400,153430,153400,153426
1778605200,153375,153500,153354,153497
1778605500,153500,153530,153475,153500
1778605800,153520,153520,153429,153499
1778606100,153510,153550,153490,153520
1778606400,153510,153520,153434,153434
1778606700,153490,153530,153418,153441
1778607000,153441,153445,153375,153380
1778607300,153392,153429,153340,153429
1778607600,153430,153440,153393,153434
1778607900,153430,153499,153405,153499
1778608200,153500,153533,153410,153413
1778608500,153465,153559,153417,153417
1778643000,158045,162648,154851,162648
1778643300,162648,162648,162648,162648
1778643600,162648,162648,162648,162648
1778643900,162648,164497,162648,163485
1778644200,163468,163498,162900,162900
1778644500,162985,162985,160350,161801
1778644800,162000,162250,161495,162093
1778645100,162125,162759,161928,162759
1778645400,162745,163068,162500,162940
1778645700,162954,162968,162638,162799
1778646000,162790,162938,162722,162722
1778646300,162700,162784,162323,162600
1778646600,162571,162781,162546,162546
1778646900,162545,162598,162378,162533
1778647200,162401,162750,162399,162591
1778647500,162574,162723,162526,162671
1778647800,162671,162700,162501,162700
1778648100,162685,162712,162522,162677
1778648400,162645,162899,162616,162899
1778648700,162900,162930,162765,162765
1778649000,162766,162913,162650,162684
1778649300,162689,162708,162453,162453
1778649600,162470,162546,162417,162425
1778649900,162430,162456,162321,162321
1778650200,162296,162299,162083,162208
1778650500,162200,162300,162200,162270
1778650800,162250,162251,162000,162000
1778651100,162026,162167,162005,162070
1778651400,162035,162205,162035,162166
1778651700,162201,162500,162201,162413
1778652000,162413,162600,162366,162551
1778652300,162499,162573,162400,162540
1778652600,162540,162639,162488,162580
1778652900,162640,162740,162640,162671
1778653200,162650,162650,162509,162575
1778653500,162508,162575,162444,162527
1778653800,162530,162651,162530,162600
1778654100,162574,162689,162574,162689
1778654400,162645,162682,162603,162606
1778654700,162615,162615,162504,162595
1778655000,162540,162556,162300,162300
1778655300,162300,162394,162250,162325
1778655600,162389,162541,162363,162382
1778655900,162432,162445,162321,162321
1778656200,162356,162478,162356,162469
1778656500,162479,162515,162419,162515
1778656800,162497,162537,162452,162455
1778657100,162493,162529,162455,162529
1778657400,162529,162529,162450,162480
1778657700,162509,162600,162463,162463
1778658000,162505,162505,162450,162505
1778658300,162457,162525,162457,162460
1778658600,162516,162516,162399,162399
1778658900,162460,162501,162460,162478
1778659200,162500,162512,162410,162410
1778659500,162451,162451,162360,162411
1778659800,162390,162443,162322,162322
1778660100,162320,162343,162291,162343
1778660400,162350,162351,162280,162280
1778660700,162282,162288,162100,162241
1778661000,162221,162350,162160,162350
1778661300,162300,162351,162300,162330
1778661600,162344,162348,162250,162295
1778661900,162309,162381,162296,162334
1778662200,162340,162399,162340,162399
1778662500,162400,162466,162380,162426
1778662800,162400,162449,162332,162390
1778663100,162380,162385,162270,162270
1778663400,162289,162289,162180,162180
1778663700,162178,162186,162102,162113
1778664000,162129,162160,162029,162075
1778664300,162080,162296,162080,162238
1778664600,162238,162363,162166,162363
1778664900,162375,162472,162355,162380
1778665200,162403,162500,162380,162463
1778665500,162455,162460,162401,162460
1778665800,162446,162474,162402,162440
1778666100,162440,162445,162339,162352
1778666400,162395,162425,162321,162400
1778666700,162420,162600,162402,162600
1778667000,162599,162600,162500,162535
1778667300,162490,162490,162420,162440
1778667600,162419,162583,162419,162520
1778667900,162530,162530,162462,162467
1778668200,162497,162510,162457,162472
1778668500,162490,162515,162463,162463
1778668800,162495,162535,162484,162530
1778669100,162508,162530,162477,162512
1778669400,162500,162544,162463,162463
1778669700,162492,162530,162486,162500
1778670000,162475,162486,162457,162466
1778670300,162423,162423,162391,162391
1778670600,162499,162521,162475,162521
1778670900,162544,162544,162499,162500
1778671200,162500,162559,162500,162559
1778671500,162564,162579,162522,162522
1778671800,162567,162595,162523,162595
1778672100,162625,162648,162534,162573
1778672400,162608,162659,162593,162659
1778672700,162677,162682,162644,162650
1778673000,162669,162719,162627,162697
1778673300,162707,162707,162650,162650
1778673600,162650,162650,162539,162588
1778673900,162638,162681,162581,162581
1778674200,162543,162594,162450,162450
1778674500,162401,162447,162391,162447
1778674800,162450,162450,162280,162368
1778675100,162350,162397,162299,162303
1778675400,162354,162354,162110,162263
1778675700,162295,162330,162101,162158
1778676000,162179,162283,162171,162241
1778676300,162222,162250,162073,162073
1778676600,162100,162150,162000,162050
1778676900,162050,162209,162000,162153
1778677200,162155,162324,162155,162260
1778677500,162250,162290,162217,162217
1778677800,162198,162321,162177,162321
1778678100,162281,162346,162242,162346
1778678400,162346,162450,162312,162450
1778678700,162450,162450,162350,162350
1778679000,162262,162313,162187,162205
1778679300,162162,162169,161922,161996
1778679600,161996,162186,161968,162065
1778679900,162067,162067,161801,161821
1778680200,161839,162199,161801,162162
1778680500,162200,162237,162056,162119
1778680800,162083,162083,161916,161916
1778681100,161969,162100,161904,162031
1778681400,162021,162120,161987,162108
1778681700,162112,162171,161921,161925
1778682000,161933,162045,161933,162045
1778682300,162110,162150,162083,162138
1778682600,162138,162307,162100,162307
1778682900,162321,162372,162140,162165
1778683200,162189,162377,162189,162218
1778683500,162200,162200,162055,162100
1778683800,162110,162110,162000,162100
1778684100,162105,162125,162050,162050
1778684400,162161,162250,162161,162166
1778684700,162131,162275,162131,162215
1778685000,162228,162286,162172,162172
1778685300,162175,162202,162153,162172
1778685600,162211,162299,162180,162250
1778685900,162234,162260,162166,162227
1778686200,162200,162331,162195,162331
1778686500,162336,162400,162336,162376
1778686800,162374,162424,162370,162407
1778687100,162397,162422,162347,162347
1778687400,162325,162360,162206,162214
1778687700,162288,162289,162223,162253
1778688000,162268,162400,162268,162388
1778688300,162355,162530,162355,162530
1778688600,162550,162575,162440,162529
1778688900,162554,162650,162427,162427
1778689200,162428,162600,162428,162555
1778689500,162581,162651,162479,162587
1778689800,162605,162605,162504,162542
1778690100,162521,162533,162521,162533
1778690400,162550,162550,162426,162468
1778690700,162344,162425,162344,162425
1778691000,162365,162384,162236,162275
1778691300,162275,162353,162262,162273
1778691600,162353,162434,162348,162348
1778691900,162380,162380,162357,162357
1778692200,162392,162478,162375,162478
1778692500,162377,162388,162350,162374
1778692800,162497,162497,162380,162380
1778693100,162380,162412,162350,162350
1778693400,162350,162350,162201,162210
1778693700,162160,162226,162150,162150
1778694000,162216,162216,162126,162173
1778694300,162177,162177,162101,162167
1778694600,162160,162228,162153,162153
1778694900,162195,162250,162141,162250
1778729400,161028,162308,161027,161880
1778729700,161880,161911,161760,161760
1778730000,161783,161839,161681,161709
1778730300,161667,161723,161541,161685
1778730600,161720,161751,161602,161699
1778730900,161650,161753,161650,161679
1778731200,161700,161700,161517,161600
1778731500,161583,161800,161583,161800
1778731800,161782,162048,161750,162000
1778732100,162010,162146,161996,162100
1778732400,162100,162411,162099,162400
1778732700,162403,162774,162363,162658
1778733000,162560,163000,162560,162945
1778733300,162974,163055,162664,162770
1778733600,162770,162856,162722,162751
1778733900,162777,162850,162748,162824
1778734200,162750,162835,162750,162786
1778734500,162755,162787,162501,162582
1778734800,162550,162600,162500,162600
1778735100,162638,162781,162600,162734
1778735400,162757,162805,162641,162641
1778735700,162650,162697,162640,162640
1778736000,162670,162680,162650,162680
1778736300,162675,162675,162568,162574
1778736600,162615,162789,162613,162663
1778736900,162663,162720,162663,162696
1778737200,162729,162740,162700,162726
1778737500,162750,162820,162702,162756
1778737800,162700,162755,162659,162680
1778738100,162655,162677,162550,162550
1778738400,162522,162620,162501,162620
1778738700,162631,162700,162500,162500
1778739000,162540,162540,162360,162432
1778739300,162466,162466,162385,162400
1778739600,162400,162520,162284,162410
1778739900,162426,162437,162051,162140
1778740200,162124,162223,162058,162155
1778740500,162183,162226,162076,162100
1778740800,162130,162280,162085,162280
1778741100,162231,162360,162231,162261
1778741400,162190,162377,162190,162376
1778741700,162350,162386,162300,162300
1778742000,162177,162313,162172,162296
1778742300,162203,162300,162203,162281
1778742600,162300,162327,162166,162166
1778742900,162166,162231,162128,162231
1778743200,162170,162255,162160,162255
1778743500,162256,162399,162256,162399
1778743800,162426,162508,162271,162508
1778744100,162555,162600,162455,162455
1778744400,162498,162539,162470,162499
1778744700,162472,162472,162239,162301
1778745000,162271,162271,162100,162151
1778745300,162200,162200,162075,162100
1778745600,162150,162310,162150,162285
1778745900,162250,162300,162250,162250
1778746200,162215,162239,162028,162165
1778746500,162250,162284,162215,162215
1778746800,162172,162217,162090,162090
1778747100,162218,162248,162174,162196
1778747400,162260,162260,162100,162150
1778747700,162166,162251,162166,162173
1778748000,162182,162186,162041,162041
1778748300,162097,162097,162019,162080
1778748600,162080,162147,162080,162147
1778748900,162155,162155,162043,162043
1778749200,162113,162119,162023,162085
1778749500,162030,162150,162030,162150
1778749800,162160,162160,162081,162123
1778750100,162160,162199,162140,162141
1778750400,162110,162141,162100,162100
1778750700,162100,162137,162093,162093
1778751000,162060,162125,162050,162100
1778751300,162125,162130,162038,162044
1778751600,162100,162200,162077,162115
1778751900,162101,162163,162060,162093
1778752200,162070,162092,162020,162092
1778752500,162075,162300,162075,162259
1778752800,162211,162222,162120,162169
1778753100,162185,162185,162120,162120
1778753400,162135,162262,162071,162129
1778753700,162160,162160,162150,162150
1778754000,162198,162198,162074,162074
1778754300,162121,162151,162121,162151
1778754600,162152,162158,162152,162152
1778754900,162168,162178,162137,162145
1778755200,162100,162128,162051,162070
1778755500,162098,162169,162098,162169
1778755800,162157,162208,162117,162182
1778756100,162236,162240,162205,162240
1778756400,162247,162248,162176,162218
1778756700,162162,162250,162162,162250
1778757000,162228,162305,162222,162300
1778757300,162295,162295,162192,162192
1778757600,162198,162240,162198,162198
1778757900,162200,162230,162106,162230
1778758200,162222,162307,162152,162307
1778758500,162270,162325,162250,162325
1778758800,162295,162389,162290,162389
1778759100,162400,162505,162400,162500
1778759400,162490,162611,162490,162585
1778759700,162593,162622,162322,162409
1778760000,162255,162430,162255,162412
1778760300,162390,162450,162346,162431
1778760600,162431,162588,162423,162588
1778760900,162529,162529,162450,162480
1778761200,162549,162625,162501,162509
1778761500,162547,162555,162427,162427
1778761800,162444,162585,162419,162545
1778762100,162511,162600,162497,162500
1778762400,162525,162525,162405,162405
1778762700,162400,162530,162350,162530
1778763000,162538,162618,162520,162578
1778763300,162609,162681,162589,162681
1778763600,162700,162718,162420,162437
1778763900,162479,162526,162439,162511
1778764200,162484,162558,162484,162520
1778764500,162529,162529,162156,162181
1778764800,162180,162180,162072,162123
1778765100,162126,162150,162025,162034
1778765400,162000,162052,161891,161900
1778765700,161882,161917,161756,161900
1778766000,161850,161850,161584,161685
1778766300,161769,161995,161742,161985
1778766600,161984,162065,161750,161821
1778766900,161811,161829,161706,161723
1778767200,161651,161900,161590,161759
1778767500,161775,161790,161454,161581
1778767800,161602,161874,161602,161779
1778768100,161850,161997,161837,161997
1778768400,161999,162123,161850,161850
1778768700,161902,161925,161773,161868
1778769000,161925,161954,161805,161805
1778769300,161850,161900,161850,161850
1778769600,161851,162000,161851,161950
1778769900,161950,161950,161800,161800
1778770200,161900,161900,161786,161786
1778770500,161792,161910,161792,161826
1778770800,161771,161908,161769,161806
1778771100,161818,161987,161818,161946
1778771400,162000,162042,161983,162000
1778771700,162020,162057,162000,162043
1778772000,162011,162031,161993,162029
1778772300,162020,162085,162020,162052
1778772600,162038,162083,161993,162083
1778772900,162080,162085,162000,162028
1778773200,162009,162049,161801,161801
1778773500,161801,161860,161705,161746
1778773800,161746,161780,161700,161753
1778774100,161747,161854,161716,161854
1778774400,161851,161851,161700,161700
1778774700,161688,161738,161600,161738
1778775000,161698,161784,161698,161784
1778775300,161818,161849,161803,161849
1778775600,161820,161820,161749,161805
1778775900,161753,161844,161753,161844
1778776200,161804,161820,161766,161820
1778776500,161780,161835,161700,161825
1778776800,161828,161896,161828,161896
1778777100,161877,161960,161847,161960
1778777400,161950,161999,161929,161975
1778777700,161975,161999,161943,161958
1778778000,161999,162050,161990,161992
1778778300,161994,162025,161958,161990
1778778600,161913,161943,161913,161943
1778778900,161889,161900,161885,161900
1778779200,161966,161970,161950,161950
1778779500,161950,161990,161906,161920
1778779800,161930,161960,161871,161921
1778780100,161921,161970,161918,161970
1778780400,161954,162000,161954,162000
1778780700,161983,162000,161970,161980
1778781000,161973,162000,161953,161970
1778781300,162000,162075,161967,162003
1778815800,160877,160992,160355,160518
1778816100,160528,160713,160461,160654
1778816400,160696,160849,160685,160700
1778816700,160700,160724,160593,160700
1778817000,160698,160732,160582,160583
1778817300,160592,160667,160514,160645
1778817600,160660,160663,160584,160613
1778817900,160637,160830,160637,160799
1778818200,160785,160838,160707,160820
1778818500,160768,160768,160586,160586
1778818800,160580,160580,160473,160520
1778819100,160517,160596,160470,160527
1778819400,160499,160582,160467,160467
1778819700,160467,160542,160450,160450
1778820000,160450,160489,160262,160262
1778820300,160261,160399,160261,160365
1778820600,160425,160447,160336,160352
1778820900,160352,160352,160130,160135
1778821200,160112,160145,159946,160000
1778821500,160000,160003,159676,159740
1778821800,159700,159714,159363,159550
1778822100,159520,159792,159300,159340
1778822400,159340,159636,159276,159507
1778822700,159532,159636,159452,159620
1778823000,159600,159600,158971,159042
1778823300,159042,159193,158852,159131
1778823600,159150,159219,159004,159076
1778823900,159056,159075,158912,158919
1778824200,158991,159300,158991,159183
1778824500,159078,159186,158854,158890
1778824800,158970,159078,158851,159070
1778825100,159064,159278,159064,159117
1778825400,159152,159362,159152,159347
1778825700,159370,159500,159262,159280
1778826000,159282,159330,159195,159212
1778826300,159261,159380,159219,159319
1778826600,159380,159435,159380,159435
1778826900,159403,159448,159302,159371
1778827200,159380,159408,159250,159250
1778827500,159272,159360,159150,159360
1778827800,159348,159385,159192,159226
1778828100,159225,159225,159124,159124
1778828400,159145,159244,159145,159244
1778828700,159262,159365,159262,159365
1778829000,159429,159500,159393,159460
1778829300,159450,159490,159400,159461
1778829600,159500,159669,159486,159567
1778829900,159475,159500,159441,159494
1778830200,159425,159425,159378,159402
1778830500,159415,159436,159300,159350
1778830800,159330,159429,159300,159335
1778831100,159339,159379,159330,159360
1778831400,159330,159330,159141,159232
1778831700,159230,159270,159157,159158
1778832000,159225,159225,158881,158906
1778832300,158967,159135,158911,159097
1778832600,159155,159155,159025,159054
1778832900,159054,159054,158800,158869
1778833200,158869,159000,158841,159000
1778833500,158982,158982,158900,158909
1778833800,158906,158906,158821,158859
1778834100,158801,158904,158801,158859
1778834400,158903,159050,158861,159050
1778834700,159070,159100,159000,159100
1778835000,159049,159081,159000,159000
1778835300,159013,159031,158959,158959
1778835600,158959,159128,158900,159128
1778835900,159150,159211,158949,158950
1778836200,158937,158963,158856,158911
1778836500,158911,158919,158803,158893
1778836800,158913,159100,158846,159099
1778837100,159080,159167,159049,159100
1778837400,159100,159140,159083,159140
1778837700,158987,159030,158830,158884
1778838000,158867,158920,158850,158850
1778838300,158800,158846,158701,158720
1778838600,158685,158824,158537,158762
1778838900,158743,158919,158743,158811
1778839200,158885,158885,158745,158750
1778839500,158785,159040,158785,159038
1778839800,159024,159112,158959,159107
1778840100,159068,159140,158980,158995
1778840400,159028,159165,159028,159048
1778840700,159091,159125,159045,159119
1778841000,159054,159199,159054,159106
1778841300,159085,159154,159016,159016
1778841600,159006,159055,159001,159055
1778841900,159100,159441,159100,159400
1778842200,159300,159600,159300,159512
1778842500,159511,159546,159360,159425
1778842800,159492,159594,159400,159400
1778843100,159392,159401,159341,159341
1778843400,159492,159508,159465,159482
1778843700,159401,159443,159401,159443
1778844000,159402,159403,159401,159401
1778844300,159396,159396,159310,159355
1778844600,159354,159354,159271,159271
1778844900,159297,159297,159116,159116
1778845200,159100,159150,159090,159090
1778845500,159158,159288,159158,159288
1778845800,159340,159371,159340,159355
1778846100,159188,159188,159188,159188
1778846400,159200,159250,159146,159206
1778846700,159229,159229,159196,159196
1778847000,159218,159290,159100,159100
1778847300,159130,159238,159108,159160
1778847600,159290,159321,159277,159280
1778847900,159215,159282,159214,159214
1778848200,159106,159200,159106,159150
1778848500,159140,159245,159119,159119
1778848800,159119,159119,158947,158962
1778849100,158920,159121,158920,159010
1778849400,159010,159122,158992,159061
1778849700,159115,159115,158985,158985
1778850000,158950,159008,158809,158891
1778850300,158925,159005,158777,158849
1778850600,158892,158892,158800,158812
1778850900,158843,159092,158810,159014
1778851200,159055,159130,159036,159100
1778851500,159138,159180,158928,158993
1778851800,159117,159117,158866,158916
1778852100,158847,158847,158518,158688
1778852400,158632,158660,158480,158480
1778852700,158480,158660,158150,158531
1778853000,158575,158800,158484,158717
1778853300,158717,158845,158557,158563
1778853600,158563,158773,158469,158773
1778853900,158780,158780,158638,158679
1778854200,158649,158930,158649,158871
1778854500,158871,159113,158777,159048
1778854800,159099,159266,159095,159177
1778855100,159110,159117,158980,159010
1778855400,159080,159080,158951,159000
1778855700,158989,159098,158989,159000
1778856000,159000,159000,158880,158960
1778856300,158988,158988,158869,158875
1778856600,158850,159000,158801,159000
1778856900,159000,159267,159000,159126
1778857200,159125,159150,158895,158975
1778857500,158895,159000,158895,159000
1778857800,158900,158900,158822,158839
1778858100,158834,158852,158626,158633
1778858400,158619,158787,158545,158565
1778858700,158518,158655,158518,158573
1778859000,158710,158710,158578,158578
1778859300,158594,158619,158500,158516
1778859600,158504,158571,158424,158424
1778859900,158436,158508,158393,158414
1778860200,158401,158514,158320,158320
1778860500,158300,158481,158236,158481
1778860800,158492,158517,158416,158416
1778861100,158384,158384,158189,158291
1778861400,158244,158285,158207,158285
1778861700,158312,158348,158265,158348
1778862000,158325,158565,158325,158565
1778862300,158591,158591,158425,158471
1778862600,158565,158591,158556,158591
1778862900,158591,158626,158564,158564
1778863200,158597,158597,158405,158503
1778863500,158559,158559,158472,158485
1778863800,158492,158500,158414,158414
1778864100,158414,158414,158414,158414
1778864400,158420,158596,158420,158596
1778864700,158596,158690,158595,158690
1778865000,158697,158787,158697,158750
1778865300,158757,158757,158571,158593
1778865600,158604,158701,158536,158630
1778865900,158650,158682,158460,158471
1778866200,158550,158643,158550,158643
1778866500,158622,158633,158531,158583
1778866800,158560,158572,158500,158500
1778867100,158511,158572,158497,158555
1778867400,158523,158575,158455,158550
1778867700,158550,158690,158450,158450
1779075000,158076,158341,157547,157800
1779075300,157820,157979,157737,157850
1779075600,157850,158158,157737,158138
1779075900,158139,158350,158092,158293
1779076200,158338,158512,158305,158420
1779076500,158510,158510,158343,158376
1779076800,158398,158800,158398,158743
1779077100,158792,158850,158595,158700
1779077400,158653,158778,158653,158685
1779077700,158711,158752,158650,158752
1779078000,158700,158758,158380,158380
1779078300,158380,158406,158214,158400
1779078600,158400,158686,158400,158550
1779078900,158531,158646,158508,158550
1779079200,158598,158600,158479,158577
1779079500,158520,158563,158488,158497
1779079800,158496,158599,158464,158561
1779080100,158560,158585,158500,158585
1779080400,158579,158621,158451,158558
1779080700,158550,158550,158471,158481
1779081000,158459,158564,158459,158470
1779081300,158459,158717,158453,158700
1779081600,158695,158722,158539,158700
1779081900,158650,158800,158617,158746
1779082200,158850,158884,158600,158650
1779082500,158663,158799,158600,158799
1779082800,158707,158800,158680,158760
1779083100,158777,158880,158727,158727
1779083400,158718,158718,158662,158670
1779083700,158675,158690,158586,158611
1779084000,158600,158800,158564,158725
1779084300,158753,158887,158695,158798
1779084600,158766,158766,158643,158691
1779084900,158712,158770,158668,158700
1779085200,158720,158829,158710,158803
1779085500,158800,158970,158781,158798
1779085800,158780,158909,158755,158792
1779086100,158810,158820,158695,158695
1779086400,158701,158715,158632,158715
1779086700,158720,158819,158705,158712
1779087000,158750,158798,158737,158780
1779087300,158810,158876,158810,158850
1779087600,158800,158882,158755,158850
1779087900,158859,158912,158813,158912
1779088200,158880,158880,158842,158843
1779088500,158864,158864,158827,158839
1779088800,158845,158857,158788,158848
1779089100,158808,159069,158808,159059
1779089400,159012,159356,159012,159255
1779089700,159201,159250,159103,159211
1779090000,159211,159269,159145,159145
1779090300,159122,159155,159090,159090
1779090600,159071,159102,159001,159102
1779090900,159067,159132,159067,159109
1779091200,159142,159143,159085,159106
1779091500,159108,159150,159103,159149
1779091800,159106,159150,159098,159118
1779092100,159077,159077,159055,159055
1779092400,159100,159105,159041,159105
1779092700,159115,159198,159031,159031
1779093000,159069,159150,159069,159145
1779093300,159140,159140,159100,159130
1779093600,159123,159123,159084,159084
1779093900,159100,159140,159100,159134
1779094200,159095,159145,159095,159145
1779094500,159140,159150,159089,159115
1779094800,159100,159109,158930,158967
1779095100,158940,158967,158928,158967
1779095400,158980,158980,158976,158976
1779095700,159000,159003,158945,158945
1779096000,158970,159002,158956,158956
1779096300,158936,158999,158936,158936
1779096600,158939,158970,158875,158935
1779096900,158933,158990,158933,158985
1779097200,158980,158980,158823,158919
1779097500,158910,158913,158850,158879
1779097800,158879,158972,158879,158900
1779098100,158901,158976,158901,158960
1779098400,159000,159000,158930,158960
1779098700,158900,158900,158800,158800
1779099000,158807,158856,158770,158770
1779099300,158856,158858,158801,158858
1779099600,158840,158840,158740,158764
1779099900,158742,158794,158742,158786
1779100200,158800,158800,158598,158640
1779100500,158620,158746,158597,158710
1779100800,158695,158896,158695,158889
1779101100,158917,158970,158915,158939
1779101400,158932,158932,158746,158753
1779101700,158790,158855,158790,158855
1779102000,158830,158888,158825,158880
1779102300,158825,158825,158825,158825
1779102600,158700,158780,158688,158780
1779102900,158791,158850,158770,158850
1779103200,158850,158850,158755,158785
1779103500,158782,158822,158716,158769
1779103800,158808,158930,158808,158901
1779104100,158925,159155,158917,159155
1779104400,159092,159432,159013,159390
1779104700,159413,159540,159400,159440
1779105000,159400,159440,159300,159388
1779105300,159373,159488,159372,159388
1779105600,159393,159425,159330,159350
1779105900,159375,159580,159375,159580
1779106200,159577,159577,159431,159477
1779106500,159481,159524,159362,159362
1779106800,159362,159550,159362,159550
1779107100,159497,159574,159492,159497
1779107400,159468,159787,159468,159787
1779107700,159787,159853,159721,159739
1779108000,159755,160000,159755,159950
1779108300,159996,160050,159887,159970
1779108600,159951,159979,159730,159813
1779108900,159778,160011,159766,160003
1779109200,160000,160109,159801,159866
1779109500,159835,159942,159785,159840
1779109800,159841,159940,159803,159940
1779110100,159876,159877,159800,159800
1779110400,159926,159998,159860,159976
1779110700,159964,160050,159921,159990
1779111000,159950,160160,159900,160110
1779111300,160110,160150,160001,160044
1779111600,160081,160093,159983,159983
1779111900,159941,160138,159940,160099
1779112200,160142,160265,160101,160265
1779112500,160260,160266,160102,160147
1779112800,160100,160100,159901,159901
1779113100,159900,159952,159750,159885
1779113400,159933,159943,159756,159800
1779113700,159752,159900,159752,159840
1779114000,159830,159830,159555,159718
1779114300,159750,159807,159686,159807
1779114600,159835,159840,159426,159528
1779114900,159433,159579,159404,159523
1779115200,159487,159530,159347,159516
1779115500,159488,159488,159300,159380
1779115800,159427,159547,159364,159440
1779116100,159440,159452,159387,159430
1779116400,159450,159450,159149,159256
1779116700,159262,159375,159200,159240
1779117000,159230,159284,159230,159252
1779117300,159266,159326,159200,159230
1779117600,159270,159333,159180,159251
1779117900,159268,159297,159163,159163
1779118200,159120,159258,159120,159258
1779118500,159257,159314,159250,159314
1779118800,159319,159433,159319,159384
1779119100,159267,159358,159267,159358
1779119400,159379,159384,159320,159384
1779119700,159360,159392,159350,159350
1779120000,159278,159278,159278,159278
1779120300,159322,159349,159300,159349
1779120600,159349,159400,159345,159400
1779120900,159400,159421,159399,159399
1779121200,159400,159400,159346,159346
1779121500,159272,159272,159014,159014
1779121800,159000,159191,158954,159179
1779122100,159191,159266,159191,159260
1779122400,159255,159261,159222,159222
1779122700,159222,159300,159213,159286
1779123000,159340,159430,159340,159426
1779123300,159438,159438,159332,159332
1779123600,159332,159500,159314,159500
1779123900,159488,159541,159488,159501
1779124200,159550,159550,159500,159500
1779124500,159475,159574,159471,159574
1779124800,159520,159520,159451,159451
1779125100,159478,159520,159451,159520
1779125400,159500,159500,159426,159426
1779125700,159426,159470,159425,159425
1779126000,159430,159430,159425,159425
1779126300,159430,159444,159400,159429
1779126600,159385,159439,159351,159351
1779126900,159351,159351,159285,159285
1779161400,159382,159899,159161,159529
1779161700,159642,159850,159628,159849
1779162000,159820,159820,159594,159614
1779162300,159529,159680,159503,159600
1779162600,159646,159789,159646,159780
1779162900,159780,159780,159516,159530
1779163200,159515,159574,159500,159565
1779163500,159565,159594,159490,159490
1779163800,159529,159529,159304,159404
1779164100,159396,159400,159357,159400
1779164400,159401,159456,159401,159456
1779164700,159496,159500,159240,159300
1779165000,159320,159391,159264,159264
1779165300,159325,159382,159313,159382
1779165600,159382,159509,159382,159451
1779165900,159545,159588,159545,159545
1779166200,159518,159575,159518,159575
1779166500,159581,159581,159520,159520
1779166800,159615,159701,159615,159701
1779167100,159661,159703,159576,159659
1779167400,159688,159710,159625,159625
1779167700,159600,159609,159540,159550
1779168000,159561,159561,159325,159420
1779168300,159382,159477,159382,159477
1779168600,159428,159469,159312,159351
1779168900,159392,159488,159392,159463
1779169200,159463,159501,159463,159474
1779169500,159473,159522,159349,159349
1779169800,159409,159496,159404,159496
1779170100,159480,159638,159480,159592
1779170400,159530,159619,159398,159574
1779170700,159574,159640,159504,159557
1779171000,159545,159750,159545,159650
1779171300,159662,159837,159662,159823
1779171600,159823,159862,159749,159808
1779171900,159830,159900,159789,159799
1779172200,159797,159870,159727,159825
1779172500,159810,159849,159786,159828
1779172800,159824,159860,159762,159825
1779173100,159850,159850,159724,159745
1779173400,159702,159740,159690,159740
1779173700,159810,159850,159758,159805
1779174000,159797,159838,159762,159808
1779174300,159840,159970,159805,159931
1779174600,159915,159944,159812,159914
1779174900,159872,159900,159860,159861
1779175200,159851,159851,159800,159820
1779175500,159838,159838,159800,159823
1779175800,159820,159826,159773,159773
1779176100,159788,159788,159652,159667
1779176400,159654,159690,159647,159690
1779176700,159698,159880,159698,159880
1779177000,159830,159844,159730,159753
1779177300,159810,159995,159810,159970
1779177600,160001,160030,159852,159910
1779177900,159875,159875,159722,159758
1779178200,159765,159839,159685,159839
1779178500,159825,159861,159758,159787
1779178800,159775,159775,159730,159730
1779179100,159697,159730,159650,159677
1779179400,159678,159747,159678,159727
1779179700,159771,159800,159730,159730
1779180000,159750,159759,159730,159730
1779180300,159799,159800,159711,159730
1779180600,159770,159770,159636,159691
1779180900,159691,159850,159691,159790
1779181200,159749,159795,159724,159795
1779181500,159785,159794,159685,159730
1779181800,159730,159760,159685,159685
1779182100,159716,159747,159639,159706
1779182400,159725,159829,159725,159829
1779182700,159829,159891,159743,159770
1779183000,159743,159798,159707,159717
1779183300,159737,159780,159669,159744
1779183600,159740,159740,159695,159709
1779183900,159728,159816,159709,159771
1779184200,159774,159892,159774,159892
1779184500,159900,159900,159819,159819
1779184800,159818,159859,159754,159754
1779185100,159783,159900,159776,159880
1779185400,159900,159900,159819,159849
1779185700,159850,159850,159800,159820
1779186000,159825,159920,159825,159871
1779186300,159890,159928,159845,159909
1779186600,159917,159950,159900,159950
1779186900,159934,159970,159835,159970
1779187200,159956,159983,159752,159820
1779187500,159824,159917,159755,159873
1779187800,159933,159990,159933,159989
1779188100,159989,160110,159989,160090
1779188400,160110,160200,160078,160106
1779188700,160073,160098,160020,160022
1779189000,160022,160072,159937,159995
1779189300,160004,160089,159961,160089
1779189600,160018,160050,160005,160016
1779189900,160049,160049,159927,159960
1779190200,159952,160000,159930,159930
1779190500,159935,159973,159880,159880
1779190800,159862,159957,159857,159944
1779191100,159911,159911,159815,159870
1779191400,159931,159931,159800,159801
1779191700,159833,159842,159767,159767
1779192000,159752,159874,159751,159874
1779192300,159869,159973,159869,159973
1779192600,159973,160069,159967,160030
1779192900,159964,159964,159870,159900
1779193200,159915,159975,159915,159955
1779193500,159969,159988,159916,159988
1779193800,159990,160042,159971,159971
1779194100,159966,160050,159930,160001
1779194400,159965,160030,159900,159900
1779194700,159900,159928,159860,159902
1779195000,159975,160000,159954,159990
1779195300,159967,159967,159896,159896
1779195600,159890,159890,159700,159700
1779195900,159700,159782,159571,159700
1779196200,159747,159796,159652,159750
1779196500,159750,159755,159580,159630
1779196800,159540,159551,159263,159263
1779197100,159251,159251,158910,158975
1779197400,159000,159132,158420,158700
1779197700,158700,158843,158447,158689
1779198000,158686,158733,158500,158654
1779198300,158630,158800,158600,158800
1779198600,158777,159150,158744,159150
1779198900,159160,159250,158964,159115
1779199200,159000,159342,158949,159342
1779199500,159434,159469,159024,159258
1779199800,159172,159172,158903,158903
1779200100,158877,159020,158877,158995
1779200400,158950,158950,158765,158844
1779200700,158765,158924,158750,158889
1779201000,158892,158918,158756,158801
1779201300,158893,158933,158801,158801
1779201600,158800,159000,158766,158937
1779201900,158921,158960,158852,158878
1779202200,158855,158876,158651,158651
1779202500,158652,158820,158652,158820
1779202800,158848,159059,158821,159035
1779203100,159000,159126,158849,159100
1779203400,159110,159189,159099,159108
1779203700,159125,159275,159125,159275
1779204000,159154,159200,159000,159011
1779204300,159067,159140,159067,159140
1779204600,159114,159244,159114,159167
1779204900,159105,159194,159068,159194
1779205200,159115,159115,159034,159050
1779205500,159020,159020,158980,159020
1779205800,159050,159050,159049,159049
1779206100,159078,159124,159078,159124
1779206400,159145,159145,159076,159106
1779206700,159045,159062,158900,158900
1779207000,158892,158970,158892,158970
1779207300,158953,158953,158953,158953
1779207600,158947,159032,158947,159015
1779207900,159054,159150,159054,159122
1779208200,159150,159200,159150,159190
1779208500,159107,159162,159057,159162
1779208800,159136,159150,159050,159050
1779209100,159048,159050,159048,159050
1779209400,159068,159111,159064,159100
1779209700,159100,159160,159100,159160
1779210000,159160,159199,159144,159162
1779210300,159145,159159,159093,159159
1779210600,159158,159179,159122,159179
1779210900,159184,159203,159170,159188
1779211200,159142,159150,159069,159069
1779211500,159076,159142,159050,159140
1779211800,159141,159141,159074,159075
1779212100,159120,159164,159071,159164
1779212400,159118,159124,159067,159124
1779212700,159124,159124,159060,159075
1779213000,159079,159109,159040,159044
1779213300,159106,159136,159016,159136
1779247800,160378,160378,157959,158175
1779248100,158166,158500,158164,158400
1779248400,158400,158450,158189,158303
1779248700,158243,158318,158188,158201
1779249000,158207,158261,158200,158261
1779249300,158235,158381,158235,158344
1779249600,158400,158463,158325,158325
1779249900,158444,158453,158342,158453
1779250200,158380,158449,158326,158449
1779250500,158427,158449,158409,158409
1779250800,158403,158433,158281,158344
1779251100,158300,158360,158281,158360
1779251400,158325,158380,158265,158317
1779251700,158310,158339,158285,158330
1779252000,158311,158381,158285,158321
1779252300,158265,158318,158172,158239
1779252600,158250,158324,158250,158253
1779252900,158226,158256,158203,158224
1779253200,158250,158459,158250,158456
1779253500,158459,158468,158382,158465
1779253800,158404,158425,158328,158383
1779254100,158301,158366,158297,158366
1779254400,158396,158456,158354,158380
1779254700,158350,158350,158302,158316
1779255000,158365,158593,158365,158570
1779255300,158581,158585,158540,158550
1779255600,158570,158590,158450,158450
1779255900,158403,158421,158250,158258
1779256200,158327,158512,158288,158512
1779256500,158539,158539,158438,158438
1779256800,158466,158580,158466,158535
1779257100,158510,158510,158416,158416
1779257400,158466,158499,158376,158467
1779257700,158499,158625,158499,158625
1779258000,158638,158638,158550,158556
1779258300,158449,158600,158449,158592
1779258600,158546,158550,158407,158466
1779258900,158445,158509,158336,158509
1779259200,158500,158500,158463,158477
1779259500,158527,158715,158522,158715
1779259800,158749,158800,158673,158704
1779260100,158660,158757,158650,158703
1779260400,158700,158810,158656,158786
1779260700,158711,158855,158699,158855
1779261000,158877,158930,158800,158823
1779261300,158858,158858,158791,158791
1779261600,158805,158896,158805,158832
1779261900,158846,158920,158841,158920
1779262200,158910,158936,158790,158790
1779262500,158790,158802,158765,158797
1779262800,158831,158873,158792,158850
1779263100,158832,158832,158751,158790
1779263400,158789,158789,158688,158697
1779263700,158757,158790,158727,158733
1779264000,158776,158805,158776,158805
1779264300,158850,158900,158738,158738
1779264600,158720,158890,158720,158846
1779264900,158851,158880,158835,158869
1779265200,158850,158938,158815,158938
1779265500,158876,158950,158840,158949
1779265800,158970,159055,158812,158812
1779266100,158812,158815,158702,158733
1779266400,158794,158794,158652,158754
1779266700,158720,158785,158713,158772
1779267000,158751,159000,158751,159000
1779267300,159004,159020,158905,158947
1779267600,158884,158902,158783,158900
1779267900,158925,158925,158748,158797
1779268200,158801,158813,158771,158781
1779268500,158780,158825,158750,158825
1779268800,158851,158851,158811,158832
1779269100,158774,158796,158611,158640
1779269400,158656,158824,158628,158784
1779269700,158797,158803,158733,158762
1779270000,158801,158870,158801,158825
1779270300,158827,158887,158800,158800
1779270600,158810,159000,158809,158976
1779270900,158981,159022,158865,158865
1779271200,158869,158966,158869,158964
1779271500,158981,159094,158981,159083
1779271800,159053,159082,159025,159074
1779272100,159075,159162,159075,159141
1779272400,159146,159177,159116,159146
1779272700,159173,159191,159004,159034
1779273000,159021,159201,159021,159201
1779273300,159201,159337,159201,159335
1779273600,159300,159397,159300,159358
1779273900,159371,159399,159238,159269
1779274200,159278,159296,159210,159283
1779274500,159338,159338,159270,159280
1779274800,159305,159305,159240,159240
1779275100,159302,159351,159271,159271
1779275400,159268,159268,159155,159202
1779275700,159210,159247,159105,159137
1779276000,159108,159268,159063,159256
1779276300,159274,159379,159270,159379
1779276600,159380,159437,159347,159395
1779276900,159397,159413,159278,159278
1779277200,159280,159280,159182,159209
1779277500,159247,159247,159191,159200
1779277800,159229,159357,159180,159357
1779278100,159384,159400,159350,159399
1779278400,159382,159425,159285,159285
1779278700,159334,159396,159332,159396
1779279000,159375,159375,159327,159327
1779279300,159314,159348,159303,159348
1779279600,159330,159336,159290,159336
1779279900,159350,159420,159311,159390
1779280200,159413,159573,159413,159569
1779280500,159563,159563,159500,159540
1779280800,159528,159581,159478,159581
1779281100,159512,159581,159499,159575
1779281400,159531,159546,159459,159459
1779281700,159473,159473,159360,159373
1779282000,159408,159546,159408,159433
1779282300,159433,159501,159313,159501
1779282600,159445,159670,159438,159670
1779282900,159661,159661,159515,159515
1779283200,159521,159521,159398,159400
1779283500,159407,159407,159318,159320
1779283800,159250,159400,159250,159333
1779284100,159332,159400,159155,159160
1779284400,159183,159290,159112,159290
1779284700,159300,159312,159185,159196
1779285000,159139,159246,159135,159210
1779285300,159111,159151,159077,159104
1779285600,159150,159150,159050,159102
1779285900,159050,159075,158967,159018
1779286200,158986,159100,158811,159100
1779286500,159096,159570,159096,159428
1779286800,159462,159627,159311,159311
1779287100,159531,159550,159460,159550
1779287400,159590,159940,159590,159886
1779287700,159848,159848,159619,159800
1779288000,159716,159716,159594,159616
1779288300,159650,159748,159601,159726
1779288600,159744,159868,159744,159868
1779288900,159869,159990,159801,159808
1779289200,159824,159836,159778,159836
1779289500,159803,159803,159621,159688
1779289800,159688,159743,159600,159712
1779290100,159750,160183,159719,160012
1779290400,160036,160085,159853,159861
1779290700,159918,159948,159778,159849
1779291000,159861,160020,159859,159986
1779291300,159998,160070,159971,160050
1779291600,160045,160049,160000,160000
1779291900,160020,160040,159992,159992
1779292200,159990,159990,159847,159847
1779292500,159852,159853,159731,159853
1779292800,159825,159914,159825,159914
1779293100,159937,160002,159880,159880
1779293400,159896,159950,159842,159950
1779293700,159872,159905,159824,159896
1779294000,159864,159864,159735,159777
1779294300,159767,159809,159756,159809
1779294600,159826,159880,159769,159800
1779294900,159829,159847,159829,159847
1779295200,159858,159959,159858,159959
1779295500,160000,160000,160000,160000
1779295800,159979,159983,159979,159983
1779296100,159953,160015,159953,160001
1779296400,160001,160001,159920,159957
1779296700,159920,160018,159910,160018
1779297000,160020,160059,159977,160059
1779297300,160032,160032,159947,160030
1779297600,160030,160050,160025,160044
1779297900,160000,160042,159928,159928
1779298200,159990,160035,159990,159990
1779298500,160059,160063,160024,160063
1779298800,160057,160057,159980,159981
1779299100,159988,160038,159984,160000
1779299400,159988,160045,159980,159985
1779299700,159980,160042,159915,160042
1779334200,159803,159992,159778,159800
1779334500,159795,159815,159706,159800
1779334800,159750,159750,159668,159685
1779335100,159685,159750,159665,159750
1779335400,159735,159735,159533,159606
1779335700,159559,159645,159559,159587
1779336000,159587,159789,159566,159724
1779336300,159779,159838,159756,159811
1779336600,159778,159929,159778,159869
1779336900,159898,159947,159830,159830
1779337200,159816,159816,159573,159600
1779337500,159560,159706,159491,159706
1779337800,159706,159706,159509,159579
1779338100,159651,159651,159651,159651
1779338400,159696,159696,159651,159651
1779338700,159671,159671,159561,159580
1779339000,159610,159670,159610,159612
1779339300,159612,159650,159580,159580
1779339600,159610,159650,159610,159650
1779339900,159610,159647,159556,159556
1779340200,159525,159581,159500,159549
1779340500,159541,159541,159425,159427
1779340800,159417,159421,159400,159421
1779341100,159374,159450,159343,159450
1779341400,159416,159450,159319,159450
1779341700,159448,159450,159400,159450
1779342000,159455,159455,159400,159450
1779342300,159434,159442,159352,159388
1779342600,159392,159455,159392,159455
1779342900,159455,159571,159429,159520
1779343200,159573,159650,159573,159650
1779343500,159611,159649,159556,159630
1779343800,159600,159600,159480,159550
1779344100,159550,159600,159512,159538
1779344400,159575,159777,159550,159595
1779344700,159659,159700,159614,159662
1779345000,159710,159710,159537,159537
1779345300,159586,159592,159491,159491
1779345600,159449,159449,159400,159415
1779345900,159432,159463,159380,159462
1779346200,159411,159450,159360,159390
1779346500,159392,159401,159331,159331
1779346800,159400,159400,159300,159328
1779347100,159289,159373,159260,159373
1779347400,159308,159361,159286,159320
1779347700,159277,159353,159231,159350
1779348000,159373,159426,159315,159391
1779348300,159314,159339,159232,159232
1779348600,159230,159265,159105,159236
1779348900,159231,159231,159150,159179
1779349200,159170,159200,159146,159146
1779349500,159151,159211,159151,159211
1779349800,159200,159350,159150,159350
1779350100,159258,159290,159241,159241
1779350400,159270,159270,159200,159240
1779350700,159274,159398,159274,159398
1779351000,159398,159592,159398,159550
1779351300,159580,159596,159500,159500
1779351600,159508,159539,159500,159535
1779351900,159535,159600,159501,159600
1779352200,159625,159625,159478,159525
1779352500,159479,159546,159479,159546
1779352800,159522,159598,159522,159598
1779353100,159550,159550,159550,159550
1779353400,159602,159602,159602,159602
1779353700,159603,159673,159603,159668
1779354000,159679,159727,159659,159727
1779354300,159686,159695,159600,159677
1779354600,159693,159759,159693,159720
1779354900,159693,159752,159693,159730
1779355200,159733,159799,159730,159738
1779355500,159690,159799,159690,159722
1779355800,159743,159800,159590,159630
1779356100,159650,159650,159650,159650
1779356400,159644,159644,159344,159344
1779356700,159351,159430,159350,159371
1779357000,159375,159498,159375,159485
1779357300,159469,159498,159400,159426
1779357600,159450,159499,159450,159456
1779357900,159470,159470,159465,159465
1779358200,159469,159505,159460,159505
1779358500,159572,159572,159525,159538
1779359100,159450,159450,159159,159378
1779359400,159186,159336,159149,159333
1779359700,159237,159334,159125,159125
1779360000,159143,159299,159105,159260
1779360300,159350,159350,159211,159271
1779360600,159220,159312,159203,159225
1779360900,159250,159250,159200,159200
1779361200,159242,159300,159185,159250
1779361500,159203,159268,159203,159239
1779361800,159254,159254,159253,159253
1779362100,159260,159310,159241,159303
1779362400,159272,159380,159217,159230
1779362700,159175,159225,159159,159169
1779363000,159200,159208,159148,159155
1779363300,159150,159162,159076,159150
1779363600,159066,159194,159066,159095
1779363900,159138,159200,159103,159191
1779364200,159179,159255,159179,159218
1779364500,159170,159170,159091,159147
1779364800,159214,159214,159121,159124
1779365100,159128,159250,159128,159250
1779365400,159277,159277,159155,159155
1779365700,159122,159122,159094,159104
1779366000,159091,159091,158963,158973
1779366300,158986,159000,158890,158950
1779366600,158950,159198,158950,159153
1779366900,159199,159200,159041,159085
1779367200,159067,159158,159067,159158
1779367500,159158,159158,159050,159051
1779367800,159036,159081,159023,159081
1779368100,159085,159085,158902,158955
1779368400,158900,159139,158830,159139
1779368700,159090,159090,158903,158903
1779369000,158947,158951,158864,158864
1779369300,158864,158986,158783,158850
1779369600,158837,158872,158751,158751
1779369900,158755,158815,158663,158703
1779370200,158740,158771,158578,158583
1779370500,158669,158700,158542,158603
1779370800,158603,158831,158583,158775
1779371100,158775,158941,158775,158901
1779371400,158830,159170,158830,159134
1779371700,159172,159276,159075,159075
1779372000,159131,159238,159002,159092
1779372300,158939,158943,158858,158943
1779372600,158943,159023,158935,159021
1779372900,158996,158996,158858,158900
1779373200,158845,158950,158845,158908
1779373500,158899,159000,158899,159000
1779373800,159000,159070,158987,158987
1779374100,159080,159090,159080,159090
1779374400,159048,159048,158925,158970
1779374700,159008,159061,158900,158900
1779375000,158906,159056,158906,159018
1779375300,159060,159060,158946,159015
1779375600,158988,158988,158916,158916
1779375900,158851,158900,158734,158802
1779376200,158803,159098,158803,159011
1779376500,159022,159022,158997,159020
1779376800,159000,159000,159000,159000
1779377100,158963,158963,158888,158904
1779377400,158928,158980,158914,158960
1779377700,158960,159000,158960,159000
1779378000,159031,159084,158991,159025
1779378300,159099,159100,159056,159100
1779378600,159170,159236,159170,159229
1779378900,159181,159200,159178,159178
1779379200,159250,159332,159231,159231
1779379500,159271,159358,159236,159315
1779379800,159273,159310,159257,159264
1779380100,159218,159248,159213,159248
1779380400,159282,159285,159234,159234
1779380700,159250,159256,159250,159256
1779381000,159269,159298,159254,159280
1779381300,159323,159348,159280,159280
1779381600,159250,159300,159250,159275
1779381900,159290,159305,159280,159300
1779382200,159250,159267,159232,159266
1779382500,159269,159277,159243,159277
1779382800,159320,159320,159250,159257
1779383100,159200,159229,159157,159204
1779383400,159254,159400,159233,159318
1779383700,159397,159450,159310,159351
1779384000,159450,159463,159328,159350
1779384300,159437,159514,159383,159514
1779384600,159530,159580,159434,159491
1779384900,159534,159550,159464,159469
1779385200,159446,159505,159424,159505
1779385500,159505,159575,159448,159575
1779385800,159575,159745,159568,159745
1779386100,159650,159800,159650,159688
1779420600,159161,159498,158816,159305
1779420900,159363,159371,159288,159310
1779421200,159286,159300,159259,159288
1779421500,159312,159399,159282,159315
1779421800,159330,159358,159300,159300
1779422100,159319,159390,159314,159390
1779422400,159365,159416,159365,159409
1779422700,159459,159459,159408,159450
1779423000,159437,159437,159305,159310
1779423300,159320,159331,159144,159149
1779423600,159201,159315,159201,159252
1779423900,159260,159420,159260,159420
1779424200,159433,159487,159430,159469
1779424500,159403,159430,159293,159300
1779424800,159285,159320,159285,159320
1779425100,159320,159320,159300,159319
1779425400,159285,159301,159253,159272
1779425700,159258,159314,159258,159314
1779426000,159280,159340,159161,159201
1779426300,159198,159244,159198,159209
1779426600,159210,159210,159165,159167
1779426900,159165,159199,159160,159160
1779427200,159188,159305,159170,159190
1779427500,159200,159200,159170,159171
1779427800,159159,159213,159150,159162
1779428100,159210,159377,159210,159340
1779428400,159365,159399,159320,159324
1779428700,159315,159391,159315,159391
1779429000,159355,159355,159240,159240
1779429300,159215,159238,158876,158909
1779429600,158916,159101,158893,159018
1779429900,159006,159084,159006,159070
1779430200,159069,159107,159069,159085
1779430500,159052,159075,159015,159015
1779430800,159000,159175,158958,159175
1779431100,159155,159163,159120,159120
1779431400,159176,159200,159154,159175
1779431700,159200,159238,159140,159140
1779432000,159160,159160,159100,159100
1779432300,159222,159267,159217,159230
1779432600,159250,159261,159201,159201
1779432900,159176,159176,159159,159167
1779433200,159171,159171,159105,159121
1779433500,159106,159106,159016,159048
1779433800,159003,159010,158972,159004
1779434100,159010,159110,159010,159052
1779434400,159060,159060,159050,159050
1779434700,159090,159090,159044,159044
1779435000,159023,159023,159021,159021
1779435300,159025,159025,158930,158930
1779435600,158934,159000,158930,159000
1779435900,158981,159023,158941,158941
1779436200,158928,159046,158904,159046
1779436500,159075,159137,159075,159082
1779436800,159075,159075,159075,159075
1779437100,159100,159177,159080,159120
1779437400,159143,159185,159035,159060
1779437700,159068,159068,159068,159068
1779438000,159097,159136,159097,159100
1779438300,159084,159084,159045,159057
1779438600,159044,159044,158968,158968
1779438900,158933,159105,158901,159105
1779439200,159098,159133,159051,159051
1779439500,159087,159087,159051,159061
1779439800,159027,159079,159027,159079
1779440100,159085,159087,159030,159030
1779440400,159040,159043,158981,159043
1779440700,159050,159060,159004,159008
1779441000,159029,159030,158910,158910
1779441300,158905,158995,158860,158964
1779441600,158980,158980,158927,158927
1779441900,159001,159001,158957,158957
1779442200,158940,158981,158911,158925
1779442500,158989,159050,158989,159050
1779442800,158983,159000,158932,158942
1779443100,159024,159083,158969,159083
1779443400,159092,159187,159090,159187
1779443700,159150,159200,159101,159101
1779444000,159115,159128,159061,159084
1779444300,159088,159200,159088,159174
1779444600,159150,159200,159146,159197
1779444900,159177,159177,159146,159146
1779445200,159137,159137,159093,159093
1779445500,159072,159072,159025,159025
1779445800,159016,159021,158950,158960
1779446100,158939,158999,158910,158966
1779446400,158958,158980,158850,158896
1779446700,158901,158920,158851,158919
1779447000,158881,158929,158881,158915
1779447300,158900,158950,158900,158950
1779447600,158901,158954,158900,158954
1779447900,158979,158979,158908,158908
1779448200,158901,158920,158900,158903
1779448500,158905,158905,158850,158850
1779448800,158880,158880,158859,158859
1779449100,158850,158900,158850,158854
1779449400,158883,158955,158883,158955
1779449700,158955,158955,158899,158925
1779450000,158925,158980,158900,158980
1779450300,159000,159050,158999,159050
1779450600,159000,159019,158947,159019
1779450900,159004,159017,158960,159002
1779451200,159010,159010,158950,159000
1779451800,159005,159151,159005,159144
1779452100,159160,159249,159100,159245
1779452400,159235,159235,159050,159050
1779452700,159076,159076,158943,158943
1779453000,158972,158972,158850,158894
1779453300,158890,158891,158800,158857
1779453600,158841,158911,158841,158905
1779453900,158861,158925,158855,158900
1779454200,158960,158990,158941,158941
1779454500,158975,159100,158959,159100
1779454800,159065,159106,158921,159020
1779455100,159000,159106,159000,159106
1779455400,159121,159140,159097,159105
1779455700,159000,159116,159000,159001
1779456000,158990,159030,158952,158952
1779456300,158940,158972,158900,158900
1779456600,158885,159026,158870,158878
1779456900,158923,158934,158837,158837
1779457200,158837,158888,158700,158874
1779457500,158873,158901,158727,158754
1779457800,158787,158862,158779,158779
1779458100,158800,158800,158750,158787
1779458400,158768,158768,158555,158610
1779458700,158614,158627,158550,158600
1779459000,158603,158620,158398,158405
1779459300,158493,158493,158232,158310
1779459600,158349,158349,158151,158196
1779459900,158105,158314,158104,158278
1779460200,158350,158447,158338,158444
1779460500,158445,158470,158399,158410
1779460800,158363,158511,158363,158498
1779461100,158500,158522,158500,158522
1779461400,158413,158415,158409,158409
1779461700,158412,158448,158367,158367
1779462000,158428,158453,158428,158453
1779462300,158496,158615,158495,158615
1779462600,158615,158621,158528,158577
1779462900,158600,158650,158600,158650
1779463200,158631,158684,158631,158647
1779463500,158688,158723,158670,158723
1779463800,158710,158795,158696,158696
1779464100,158696,158725,158657,158700
1779464400,158701,158701,158653,158653
1779464700,158653,158750,158653,158700
1779465300,158695,158700,158695,158700
1779465600,158754,158754,158736,158750
1779465900,158750,158750,158717,158717
1779466200,158717,158750,158711,158750
1779466500,158666,158724,158666,158724
1779466800,158630,158724,158630,158694
1779467100,158704,158849,158704,158849
1779467400,158850,158896,158800,158800
1779467700,158828,158836,158757,158763
1779468000,158726,158726,158600,158600
1779468600,158600,158645,158574,158645
1779468900,158600,158608,158562,158562
1779469200,158710,158736,158700,158736
1779469500,158735,158736,158735,158736
1779469800,158770,158786,158742,158742
1779470100,158706,158717,158700,158717
1779470400,158660,158660,158620,158640
1779470700,158640,158786,158640,158786
1779471000,158800,158824,158777,158800
1779471300,158785,158785,158735,158750
1779471600,158747,158750,158720,158720
1779471900,158712,158712,158660,158693
1779472200,158698,158698,158596,158697
1779472500,158650,158650,158588,158588