time,open,high,low,close
1767799800,137734,137871,137680,137715
1767801600,137800,138199,137764,138115
1767803400,138114,138400,138114,138339
1767805200,138339,138339,138150,138185
1767807000,138210,138300,138044,138055
1767808800,138077,138109,137900,138040
1767843000,137996,137996,137400,137517
1767844800,137510,137510,137207,137267
1767846600,137242,137331,137100,137190
1767848400,137179,137183,136900,136920
1767850200,136925,136931,136500,136820
1767852000,136809,136999,136630,136990
1767853800,136990,137245,136980,137160
1767855600,137140,137299,137060,137230
1767857400,137234,137234,137002,137090
1767859200,137100,137244,137001,137151
1767861000,137151,137157,136803,137141
1767862800,137142,137250,137001,137165
1767864600,137164,137220,137086,137192
1767866400,137170,137192,136806,136862
1767868200,136885,137100,136833,137100
1767870000,137072,137088,136875,136931
1767871800,136920,136974,136800,136800
1767873600,136773,136783,136443,136687
1767875400,136696,137010,136691,136916
1767877200,136936,137071,136705,137000
1767879000,137026,137044,136717,136750
1767880800,136790,136870,136607,136794
1767882600,136785,137059,136700,136929
1767884400,136900,137612,136835,137432
1767886200,137449,137727,137411,137650
1767888000,137608,137787,137505,137622
1767889800,137635,137950,137635,137925
1767891600,137925,137960,137766,137877
1767893400,137877,137940,137800,137900
1767895200,137900,137900,137616,137700
1767929400,137900,138058,137729,137944
1767931200,137930,138075,137923,138017
1767933000,138010,138157,137974,138101
1767934800,138080,138192,137995,138116
1767936600,138210,138320,138171,138271
1767938400,138260,138460,138260,138441
1767940200,138450,138600,138445,138479
1767942000,138479,138489,138371,138400
1767943800,138415,138582,138371,138430
1767945600,138402,138597,138398,138559
1767947400,138559,138579,138290,138419
1767949200,138415,138643,138400,138447
1767951000,138500,138500,138350,138404
1767952800,138393,138425,138258,138290
1767954600,138272,138374,138235,138361
1767956400,138398,138445,138293,138302
1767958200,138298,138379,138206,138379
1767960000,138390,138500,138158,138236
1767961800,138233,138265,138011,138170
1767963600,138235,138395,138090,138256
1767965400,138274,138719,138018,138571
1767967200,138638,138902,138573,138864
1767969000,138815,138951,138568,138850
1767970800,138840,139409,138786,139300
1767972600,139350,139550,139250,139457
1767974400,139490,139500,139075,139228
1767976200,139202,139318,139165,139318
1767978000,139330,139400,139165,139234
1767979800,139203,139350,138678,138750
1767981600,138700,138930,138700,138875
1768188600,141001,141250,139600,140747
1768190400,140764,140899,140711,140831
1768192200,140828,140901,140750,140821
1768194000,140821,141045,140764,141021
1768195800,140961,141388,140961,141266
1768197600,141265,141274,141000,141135
1768199400,141143,141271,141110,141217
1768201200,141224,141469,141175,141304
1768203000,141348,141460,141255,141431
1768204800,141421,141445,141225,141310
1768206600,141300,141590,141300,141563
1768208400,141568,141619,141455,141600
1768210200,141588,141608,141391,141391
1768212000,141420,141540,141376,141520
1768213800,141525,141643,141436,141643
1768215600,141620,141636,141329,141329
1768217400,141330,141576,141326,141398
1768219200,141385,141441,141305,141350
1768221000,141392,141586,141392,141573
1768222800,141579,142050,141571,141900
1768224600,141900,142340,141900,142266
1768226400,142300,142300,141471,141570
1768228200,141533,142100,141454,141913
1768230000,141888,142300,141888,142272
1768231800,142278,142452,142191,142230
1768233600,142270,142500,142201,142303
1768235400,142274,142385,142000,142258
1768237200,142258,142299,142111,142235
1768239000,142203,142249,142100,142189
1768240800,142189,142212,141866,141991
1768275000,141850,141938,141660,141825
1768276800,141840,142206,141840,142110
1768278600,142118,142182,142043,142142
1768280400,142182,142187,142000,142151
1768282200,142150,142166,141801,141926
1768284000,141953,141955,141681,141690
1768285800,141700,141753,141320,141468
1768287600,141513,141513,141311,141445
1768289400,141445,141546,141332,141398
1768291200,141430,141794,141401,141690
1768293000,141706,141940,141706,141780
1768294800,141780,141888,141700,141700
1768296600,141700,141717,141511,141565
1768298400,141558,141603,141410,141565
1768300200,141550,141665,141460,141600
1768302000,141608,141653,141467,141558
1768303800,141544,141717,141527,141620
1768305600,141620,141644,141390,141458
1768307400,141458,141850,141432,141799
1768309200,141829,142177,141775,141974
1768311000,142084,142550,142084,142252
1768312800,142243,142650,142237,142565
1768314600,142589,142949,142370,142860
1768316400,142835,142861,142200,142500
1768318200,142456,142700,142382,142700
1768320000,142664,142708,142170,142269
1768321800,142267,142550,142257,142520
1768323600,142551,142581,142316,142547
1768325400,142539,142619,142261,142290
1768327200,142288,142370,142000,142150
1768361400,142500,143017,140501,142931
1768363200,142930,143096,142858,142966
1768365000,142979,143173,142924,143067
1768366800,143070,143415,143070,143330
1768368600,143307,143500,142956,142999
1768370400,142999,143436,142999,143306
1768372200,143279,143372,143105,143372
1768374000,143335,143400,143190,143365
1768375800,143376,143399,143222,143225
1768377600,143230,143276,143100,143159
1768379400,143160,143350,143160,143314
1768381200,143300,143335,143275,143325
1768383000,143325,143339,143120,143270
1768384800,143242,143400,143204,143368
1768386600,143334,143411,143275,143306
1768388400,143279,143430,143251,143310
1768390200,143334,143400,143250,143256
1768392000,143315,143474,143312,143404
1768393800,143404,143590,143355,143578
1768395600,143569,143579,143323,143377
1768397400,143351,143446,143146,143423
1768399200,143423,143460,143300,143345
1768401000,143310,143345,142568,142955
1768402800,142954,143239,142421,142990
1768404600,142951,143190,142875,143080
1768406400,143085,143249,142987,143209
1768408200,143223,143230,142864,143052
1768410000,143052,143074,142779,142953
1768411800,142902,143022,142684,143000
1768413600,142922,143250,142922,143201
1768476600,142987,143483,142762,143140
1768478400,143144,143165,142951,143099
1768480200,143067,143120,142956,143011
1768482000,143013,143013,142631,142631
1768483800,142620,142645,141960,142198
1768485600,142200,142755,142080,142690
1768487400,142641,142986,142600,142915
1768489200,142900,143054,142767,143005
1768491000,143015,143080,142844,142942
1768492800,142942,143286,142829,142969
1768494600,142957,143014,142710,142873
1768496400,142873,143005,142873,142900
1768498200,142930,143076,142930,143020
1768500000,143020,143190,143020,143120
1768534200,142500,142751,142400,142580
1768536000,142610,142837,142583,142724
1768537800,142725,142832,142715,142825
1768539600,142756,142969,142749,142926
1768541400,142940,143290,142800,143225
1768543200,143225,143225,143028,143097
1768545000,143074,143164,142830,142965
1768546800,142950,143296,142950,143033
1768548600,143026,143106,142875,143040
1768550400,143011,143100,142942,143065
1768552200,143065,143120,142986,142986
1768554000,143000,143095,142926,142990
1768555800,142995,143049,142955,143006
1768557600,143006,143228,143006,143172
1768559400,143143,143201,142968,142970
1768561200,142985,143171,142924,143160
1768563000,143130,143233,143086,143190
1768564800,143160,143180,143032,143075
1768566600,143075,143080,142843,142874
1768568400,142887,142999,142469,142568
1768570200,142595,142945,142500,142904
1768572000,142956,143098,142802,142802
1768573800,142801,143151,142763,143033
1768575600,143063,143321,141967,141981
1768577400,142001,142450,141220,142287
1768579200,142434,142863,142258,142733
1768581000,142765,142898,142471,142666
1768582800,142674,142700,142341,142345
1768584600,142340,142530,142340,142480
1768586400,142425,142612,142425,142599
1768793400,144250,145500,143320,144435
1768795200,144435,144740,144396,144675
1768797000,144684,144840,144634,144784
1768798800,144773,144990,144770,144900
1768800600,144916,145048,144806,144949
1768802400,144910,145059,144910,145010
1768804200,145019,145316,145000,145310
1768806000,145286,145339,145000,145110
1768807800,145112,145161,145000,145091
1768809600,145091,145245,145091,145221
1768811400,145213,145229,145007,145030
1768813200,144981,145168,144962,145099
1768815000,145110,145176,145060,145116
1768816800,145110,145169,145006,145007
1768818600,145009,145080,144904,144990
1768820400,145022,145060,144930,145015
1768822200,145015,145048,144865,144871
1768824000,144870,145150,144850,145115
1768825800,145114,145180,145010,145158
1768827600,145175,145175,145018,145113
1768829400,145120,145160,144954,145011
1768831200,144977,145111,144915,145092
1768833000,145100,145150,144998,145132
1768834800,145132,145260,145089,145124
1768836600,145145,145349,145120,145349
1768838400,145330,145349,145260,145333
1768840200,145343,145499,145304,145462
1768842000,145462,145571,145430,145434
1768843800,145436,145649,145436,145597
1768845600,145585,145770,145545,145700
1768879800,145770,146600,145500,146600
1768881600,146580,147996,146563,147430
1768883400,147420,147990,147350,147850
1768885200,147850,147948,147501,147564
1768887000,147565,147950,147501,147935
1768888800,147906,148199,147772,148001
1768890600,148022,148174,147819,148133
1768892400,148090,148175,148041,148130
1768894200,148129,148280,148101,148180
1768896000,148186,148824,148186,148790
1768897800,148799,150479,148782,150448
1768899600,150402,152500,148000,149679
1768901400,149744,150127,149200,149360
1768903200,149393,149500,149145,149210
1768905000,149213,149213,148860,149149
1768906800,149108,149499,149108,149222
1768908600,149216,150300,149216,150153
1768910400,150152,150249,150003,150112
1768912200,150060,150676,149943,150525
1768914000,150500,150600,149500,149500
1768915800,149502,150200,149401,150200
1768917600,150232,150568,150025,150141
1768919400,150180,150200,149692,149938
1768921200,149934,150120,149031,149200
1768923000,149210,149782,149210,149691
1768924800,149725,149967,149536,149857
1768926600,149900,150320,149900,150267
1768928400,150225,150440,150025,150440
1768930200,150436,150550,150300,150500
1768932000,150474,150676,150474,150560
1768966200,152999,154710,151575,154644
1768968000,154642,157400,154642,157107
1768969800,157143,158339,156602,157700
1768971600,157731,157950,156800,157487
1768973400,157544,157594,157255,157390
1768975200,157351,158199,157351,158160
1768977000,158191,158339,157239,157326
1768978800,157296,157750,157202,157702
1768980600,157733,157848,157524,157801
1768982400,157804,157896,157690,157818
1768984200,157806,157806,157275,157324
1768986000,157325,157754,157250,157754
1768987800,157725,157778,157631,157660
1768989600,157700,157748,157468,157567
1768991400,157525,157740,157505,157655
1768993200,157654,157908,157618,157840
1768995000,157825,157825,157535,157756
1768996800,157728,157762,157217,157557
1768998600,157583,157740,157456,157675
1769000400,157666,157722,157447,157642
1769002200,157650,158394,157650,158301
1769004000,158309,158475,157602,157900
1769005800,157919,157976,153180,153491
1769007600,153350,156629,152016,153625
1769009400,153701,155326,153701,154676
1769011200,154700,154899,154151,154397
1769013000,154399,154658,153696,153851
1769014800,153882,153882,152400,152947
1769016600,153049,153049,152001,152752
1769018400,152800,153299,152415,153116
1769052600,151699,153784,150140,152141
1769054400,152151,152449,149400,149685
1769056200,149667,151299,148777,149552
1769058000,149650,150876,149650,150156
1769059800,150202,152000,150200,151665
1769061600,151646,152351,151216,152140
1769063400,152152,152280,151343,151850
1769065200,151812,152188,151700,152185
1769067000,152230,152230,151550,151769
1769068800,151810,152084,151610,151756
1769070600,151709,151762,151555,151562
1769072400,151543,151752,151401,151551
1769074200,151590,151608,150700,151221
1769076000,151265,151317,150987,151169
1769077800,151138,152100,151131,151720
1769079600,151720,151786,151298,151566
1769081400,151570,151900,151447,151685
1769083200,151599,151739,151336,151614
1769085000,151659,151688,151065,151090
1769086800,151150,151588,151015,151090
1769088600,151051,151183,150053,150994
1769090400,151041,151291,150935,150991
1769092200,150955,151945,150955,151570
1769094000,151355,152279,151355,152184
1769095800,152266,154325,152250,154028
1769097600,154099,154423,153781,154265
1769099400,154182,154224,152559,153910
1769101200,153800,154428,153624,154428
1769103000,154428,157086,154428,156099
1769104800,156047,156745,155651,156400
1769139000,158890,159226,157500,158518
1769140800,158503,158540,157011,157640
1769142600,157661,158433,157629,158125
1769144400,158125,158150,158032,158115
1769146200,158150,158450,158023,158278
1769148000,158278,158299,157794,157857
1769149800,157863,157999,157518,157780
1769151600,157766,157832,157400,157553
1769153400,157580,157648,157152,157252
1769155200,157235,157304,155248,155717
1769157000,155799,156630,155550,155977
1769158800,156003,156308,155500,155655
1769160600,155676,156991,155634,156549
1769162400,156557,156932,156557,156848
1769164200,156850,156879,156405,156822
1769166000,156813,156825,156406,156725
1769167800,156750,156800,156327,156338
1769169600,156190,156791,156002,156602
1769171400,156662,157484,156662,156954
1769173200,156936,157374,156568,156899
1769175000,156897,157054,156560,156972
1769176800,156990,157159,156722,156840
1769178600,156800,157376,156516,156651
1769180400,156705,157000,156537,156547
1769182200,156514,157389,156445,156950
1769184000,156978,157909,156940,157905
1769185800,157906,158000,156744,157035
1769187600,157013,157498,156800,157125
1769189400,157161,157229,155853,156099
1769191200,156100,156297,155809,155975
1769484600,158516,159820,157500,158211
1769486400,158214,158600,158092,158413
1769488200,158429,158450,157803,158214
1769490000,158244,158490,158001,158152
1769491800,158100,158600,158027,158496
1769493600,158466,158746,158337,158666
1769495400,158625,158827,158519,158678
1769497200,158749,158890,158651,158787
1769499000,158825,159111,158498,158806
1769500800,158774,158814,158510,158554
1769502600,158545,158839,158499,158677
1769504400,158679,158849,158669,158848
1769506200,158860,158930,158650,158930
1769508000,158961,158961,158702,158770
1769509800,158759,158871,158634,158715
1769511600,158725,158870,158701,158804
1769513400,158849,158869,158462,158692
1769515200,158671,158818,158283,158470
1769517000,158470,158621,158350,158460
1769518800,158460,158870,158239,158343
1769520600,158400,158551,158348,158453
1769522400,158371,158405,157520,157607
1769524200,157725,158199,157525,157525
1769526000,157552,157948,157413,157809
1769527800,157763,158422,157713,158415
1769529600,158415,158699,158202,158376
1769531400,158383,158414,157901,158089
1769533200,158142,158222,157767,157883
1769535000,157912,157980,157621,157703
1769536800,157744,157858,157600,157750
1769571000,161500,162429,159900,161150
1769572800,161151,161499,160200,160847
1769574600,160903,161666,160838,161611
1769576400,161613,162245,161501,162058
1769578200,162057,162368,161840,162300
1769580000,162285,162498,162201,162330
1769581800,162376,162990,162370,162990
1769583600,162962,163490,162869,163450
1769585400,163430,164000,163147,163951
1769587200,163838,164499,163703,164450
1769589000,164450,164900,163653,164193
1769590800,164305,164482,163710,163980
1769592600,163939,164200,163602,164200
1769594400,164270,164297,163912,164167
1769596200,164090,164262,163960,164050
1769598000,164050,164054,163721,163950
1769599800,163950,163989,163500,163695
1769601600,163690,163854,163615,163803
1769603400,163895,164200,163825,164140
1769605200,164125,164300,163974,164150
1769607000,164150,164249,164016,164207
1769608800,164207,164207,163768,163818
1769610600,163813,164445,163700,163857
1769612400,163908,164341,163723,163970
1769614200,163966,164300,163850,164280
1769616000,164264,164666,164221,164649
1769617800,164649,164985,164304,164985
1769619600,164986,166388,164986,166200
1769621400,166091,166152,165404,165701
1769623200,165759,166500,165611,166355
1769657400,170892,178100,169882,178001
1769659200,178150,180700,178003,180415
1769661000,180500,180779,175512,178702
1769662800,178708,179390,175855,177780
1769664600,177797,178346,176612,177024
1769666400,177141,177553,176500,177553
1769668200,177550,177751,177000,177174
1769670000,177040,177554,175464,175800
1769671800,175609,177030,175609,176855
1769673600,176700,176956,174404,174787
1769675400,174500,175677,172800,175225
1769677200,175200,175798,174581,175200
1769679000,175250,176455,175100,175300
1769680800,175100,175500,174000,174954
1769682600,174992,175198,174250,174409
1769684400,174351,175100,174000,175000
1769686200,175076,176300,175000,176300
1769688000,176300,177740,176196,177500
1769689800,177396,177399,176190,176579
1769691600,176524,176994,176099,176266
1769693400,176500,176651,174500,174704
1769695200,174879,176555,174670,176479
1769697000,176300,176392,175056,175599
1769698800,175262,175498,157808,160649
1769700600,159303,166000,159000,165000
1769702400,164887,169776,164200,168564
1769704200,168991,169643,167258,169000
1769706000,168824,170500,168380,170400
1769707800,170207,170356,169000,169476
1769709600,169700,170500,168702,169600
1769743800,167899,167999,159250,165000
1769745600,165200,167750,165125,167656
1769747400,167774,168000,167200,167200
1769749200,167200,167950,166500,167500
1769751000,167500,167500,163800,163988
1769752800,163983,165376,163350,163700
1769754600,163510,163900,162701,163422
1769756400,163511,165700,162600,165400
1769758200,165302,165553,164500,164908
1769760000,164900,164900,163640,164020
1769761800,164020,164150,161350,162210
1769763600,162200,162215,159239,159239
1769765400,159239,159269,154157,155700
1769767200,155777,160900,155200,159979
1769769000,160645,164638,159892,164638
1769770800,164101,164500,161822,163549
1769772600,162936,164399,159660,161000
1769774400,161797,161837,160401,160952
1769776200,160937,162155,159500,160300
1769778000,159998,160995,158715,159100
1769779800,158730,159724,156000,157707
1769781600,158499,161500,158499,161500
1769783400,161450,163000,158955,159500
1769785200,159000,159700,158462,158900
1769787000,158900,159691,158001,158005
1769788800,158200,158200,154215,154442
1769790600,154790,155801,154157,154157
1769792400,154157,154157,154157,154157
1769794200,149080,150841,149075,149075
1769796000,149075,150841,149075,149075
1769916600,145164,146800,136185,136185
1769918400,136185,140176,136185,140176
1769920200,140000,143297,139499,142622
1769922000,144285,144285,139912,140900
1769923800,138717,142501,138000,141000
1769925600,141700,143170,141700,142000
1769927400,141974,143480,141100,142500
1769929200,142500,143355,141500,143217
1769931000,143000,143300,142500,142800
1769932800,142600,144500,142550,144201
1769934600,143813,144998,143813,144400
1769936400,145000,145600,143700,144448
1769938200,142556,143500,142556,143500
1769940000,142600,143400,142511,142600
1769941800,143632,143632,142596,142596
1769943600,142998,143000,141504,143000
1770003000,146500,147407,143321,143321
1770004800,143321,144990,140001,143449
1770006600,143496,146400,143496,144300
1770008400,144398,145754,143501,144100
1770010200,144100,144189,139590,140924
1770012000,140602,141858,138888,139154
1770013800,138888,139887,137065,139200
1770015600,139236,141440,138384,141135
1770017400,140870,143150,140222,142490
1770019200,142306,144440,141501,143999
1770021000,144118,144444,142403,143850
1770022800,144098,145648,142309,145394
1770024600,145155,148796,145128,148012
1770026400,147779,148600,145001,145989
1770028200,145991,147649,145238,147499
1770030000,147362,148999,146724,148969
1770031800,148844,150890,148502,149338
1770033600,149286,149989,148052,149567
1770035400,149551,150648,149135,150100
1770037200,150200,150331,148020,148470
1770039000,148416,148492,146001,147550
1770040800,147680,148805,146652,148168
1770042600,147961,150099,147281,148133
1770044400,147762,148595,146971,146971
1770046200,147073,147643,144535,144638
1770048000,144505,147399,143715,145650
1770049800,145500,146415,144816,145494
1770051600,145511,146748,144801,144943
1770053400,145000,145600,144707,145001
1770055200,145005,145005,143000,143000
1770089400,148000,149485,147215,148723
1770091200,148648,149200,148200,148200
1770093000,148159,149197,148159,148705
1770094800,148765,149996,148723,149947
1770096600,149771,149771,148896,149651
1770098400,149526,151330,149268,151206
1770100200,151293,152000,151024,151589
1770102000,151423,152254,151340,152100
1770103800,152110,152950,152100,152551
1770105600,152696,153290,151700,153165
1770107400,153165,153460,152001,152001
1770109200,152091,152764,151000,151428
1770111000,151229,152498,151075,151914
1770112800,151871,152498,151650,151800
1770114600,151742,152299,151741,151813
1770116400,151800,152086,151346,151999
1770118200,151791,152231,151600,152100
1770120000,152179,152900,151491,151840
1770121800,151989,152450,151873,152217
1770123600,152359,153111,151997,153000
1770125400,152972,153806,152803,153198
1770127200,153175,153175,152165,153065
1770129000,152972,153101,152100,152544
1770130800,152515,153475,152250,152881
1770132600,152997,152998,152434,152952
1770134400,152939,154999,152939,154995
1770136200,155087,155799,154356,154600
1770138000,154659,154995,153101,154200
1770139800,154466,154777,153256,153843
1770141600,153781,154199,153328,153650
1770175800,158420,160755,156553,159568
1770177600,159516,159798,158821,159210
1770179400,159250,159799,159128,159799
1770181200,159746,160000,159621,159999
1770183000,159999,160658,159700,160401
1770184800,160385,160558,159250,159400
1770186600,159308,160022,159308,159800
1770188400,159902,160030,159400,159700
1770190200,159700,159892,159290,159600
1770192000,159534,159710,159420,159587
1770193800,159529,159695,159302,159533
1770195600,159586,159586,158423,158760
1770197400,158675,159185,158334,158912
1770199200,158912,159100,158630,158780
1770201000,158682,159133,158681,158975
1770202800,158975,159193,158285,158512
1770204600,158440,158986,158440,158919
1770206400,158919,159178,158600,159050
1770208200,159047,159367,158801,158830
1770210000,158751,159177,158600,159113
1770211800,159127,159545,158800,159350
1770213600,159350,159498,158770,158870
1770215400,158750,158863,156012,156801
1770217200,156775,157566,155000,155277
1770219000,155496,155496,152536,153467
1770220800,153467,154367,152251,153764
1770222600,153767,153900,151493,152760
1770224400,153003,154000,152589,153650
1770226200,153697,154000,153001,153500
1770228000,153499,153499,152602,153390
1770262200,149390,151948,148455,151368
1770264000,151469,152370,150800,152168
1770265800,152047,152350,150821,150821
1770267600,150808,151578,150250,151400
1770269400,151102,152500,150002,152298
1770271200,151977,154198,151470,154197
1770273000,154130,154200,152502,152996
1770274800,152999,153529,152650,153325
1770276600,153199,153199,152538,152915
1770278400,152922,153711,152738,153281
1770280200,153375,153652,152800,153209
1770282000,153064,153064,152010,152382
1770283800,152382,153200,151692,151965
1770285600,152005,152499,151815,151815
1770287400,151834,152429,151512,152175
1770289200,152258,152841,152249,152841
1770291000,152849,152849,152200,152250
1770292800,152250,152508,150569,151755
1770294600,151839,152296,151522,151818
1770296400,151648,151704,150555,151408
1770298200,151401,151831,151012,151280
1770300000,151320,151320,149800,150700
1770301800,150498,151865,149884,151188
1770303600,151525,151557,150349,150767
1770305400,150572,150711,149502,150000
1770307200,149935,151118,149935,150870
1770309000,150853,152943,150801,152766
1770310800,152500,152626,151623,151934
1770312600,151986,152684,151850,152299
1770314400,152325,152520,151636,151900
1770348600,149900,150899,149396,150728
1770350400,150800,151090,150300,150683
1770352200,150786,150998,150221,150386
1770354000,150325,151685,150272,151685
1770355800,151555,153945,151066,153883
1770357600,153950,154083,151858,152001
1770359400,152001,152624,151678,151990
1770361200,152010,152826,151765,152826
1770363000,152661,153201,152468,152468
1770364800,152469,153172,151915,152826
1770366600,153010,153351,152557,152585
1770368400,152750,152856,152228,152580
1770370200,152550,152906,152550,152843
1770372000,152858,152999,152455,152550
1770373800,152452,152987,152452,152900
1770375600,153005,153617,152750,153496
1770377400,153598,153820,153380,153570
1770379200,153461,153939,152891,153025
1770381000,153034,153810,153034,153752
1770382800,153850,154701,153850,154278
1770384600,154250,154998,154163,154283
1770386400,154208,154387,153026,153546
1770388200,153489,154900,153489,154823
1770390000,154930,155250,154450,154963
1770391800,155000,155200,154505,154700
1770393600,154650,155000,154101,154416
1770395400,154638,154950,154332,154900
1770397200,154900,155358,154900,155098
1770399000,155115,155398,154832,155300
1770400800,155340,155756,155012,155012
1770607800,155546,158500,155546,157160
1770609600,157189,157550,156890,157106
1770611400,157155,157345,156951,157089
1770613200,157199,157501,157108,157470
1770615000,157382,157708,157265,157700
1770616800,157750,157846,157183,157505
1770618600,157465,157647,157311,157480
1770620400,157425,157498,156831,157096
1770622200,157100,157224,156870,157092
1770624000,157000,157500,156999,157390
1770625800,157380,157600,157312,157500
1770627600,157548,157789,157304,157500
1770629400,157520,157520,157201,157410
1770631200,157268,157448,156800,156898
1770633000,156900,157046,156219,156625
1770634800,156650,156948,156564,156920
1770636600,156981,157441,156900,157221
1770638400,157203,157255,157041,157114
1770640200,157245,157301,157011,157044
1770642000,156979,157400,156936,157009
1770643800,157000,157078,156510,156707
1770645600,156761,156900,156646,156807
1770647400,156717,157572,156717,157455
1770649200,157385,157489,157074,157327
1770651000,157411,158337,157411,158271
1770652800,158345,158858,158292,158594
1770654600,158650,159026,158454,158893
1770656400,158920,158995,158481,158782
1770658200,158781,158819,157676,157900
1770660000,157926,158440,157810,158394
1770694200,156541,158070,156001,157400
1770696000,157425,157489,157100,157420
1770697800,157420,157698,157365,157585
1770699600,157550,157672,156950,157000
1770701400,156950,157349,156816,157349
1770703200,157281,157487,157151,157324
1770705000,157282,157499,156999,157006
1770706800,156957,157320,156901,156975
1770708600,157050,157166,156900,157110
1770710400,157090,157248,157057,157180
1770712200,157180,157597,157176,157400
1770714000,157437,157898,157437,157800
1770715800,157788,157847,157570,157800
1770717600,157793,158218,157793,158218
1770719400,158156,158294,157912,157912
1770721200,158026,158149,157989,158122
1770723000,158125,158200,158007,158113
1770724800,158108,158108,157852,157920
1770726600,157920,157988,157303,157527
1770728400,157460,157927,157460,157647
1770730200,157875,158299,157845,158150
1770732000,158167,158769,158101,158663
1770733800,158647,158900,157416,157814
1770735600,157800,157929,157464,157652
1770737400,157650,157651,156762,157101
1770739200,157040,157129,156528,156739
1770741000,156629,157190,156602,157118
1770742800,157171,157500,156988,157500
1770744600,157498,157500,157100,157137
1770746400,157100,157139,156525,156525
1770780600,158049,158436,157808,157947
1770782400,157999,157999,157750,157904
1770784200,157925,157982,157592,157630
1770786000,157621,157873,157560,157846
1770787800,157880,158104,157763,157880
1770789600,157945,158180,157900,158146
1770791400,158102,158227,157953,158206
1770793200,158230,158500,158185,158307
1770795000,158320,158323,158132,158236
1770796800,158260,158295,158115,158124
1770798600,158086,158158,157928,158143
1770800400,158158,158233,158041,158200
1770802200,158260,158639,158234,158402
1770804000,158427,158690,158427,158550
1770805800,158550,159511,158481,159199
1770807600,159262,159651,158912,159651
1770809400,159666,160200,159543,160120
1770811200,160108,160250,159265,159471
1770813000,159597,159639,158295,159155
1770814800,159256,159400,158716,159250
1770816600,159186,159186,157994,158551
1770818400,158500,158880,158352,158597
1770820200,158534,158597,157500,158188
1770822000,158245,158749,157800,157900
1770823800,157889,158295,157605,158240
1770825600,158200,158293,157821,158132
1770827400,158150,158625,158150,158500
1770829200,158500,158949,158315,158780
1770831000,158759,158999,158526,158910
1770832800,158858,158910,158417,158650
1770867000,158000,158173,157701,157915
1770868800,157853,157977,157740,157909
1770870600,157916,158354,157906,158354
1770872400,158359,158686,158259,158531
1770874200,158508,158747,158413,158586
1770876000,158483,158580,158150,158150
1770877800,158210,158210,157874,157875
1770879600,157875,158069,157738,158050
1770881400,158030,158114,157868,158079
1770883200,158150,158260,157950,157950
1770885000,157884,158225,157700,158180
1770886800,158120,158353,158052,158231
1770888600,158273,158488,158172,158362
1770890400,158281,158401,157956,157960
1770892200,157950,158150,157857,158030
1770894000,158030,158043,157907,157945
1770895800,157945,157994,157821,157900
1770897600,157900,157962,157750,157820
1770899400,157821,157902,157353,157553
1770901200,157528,157999,157469,157575
1770903000,157570,158110,157570,157949
1770904800,157933,158017,157587,157669
1770906600,157880,157880,157114,157231
1770908400,157288,157787,157200,157612
1770910200,157700,157899,157531,157531
1770912000,157510,157682,153993,153993
1770913800,152426,154355,149938,153595
1770915600,153659,154725,153249,154050
1770917400,154072,154361,153316,153316
1770919200,153396,153569,152200,152250
1770953400,154336,154837,153750,154476
1770955200,154460,154735,154210,154600
1770957000,154600,154667,154286,154300
1770958800,154485,154599,154142,154499
1770960600,154336,154423,153368,153386
1770962400,153450,153899,153430,153776
1770964200,153850,154190,153751,154190
1770966000,154150,154308,153880,154181
1770967800,154137,154498,154137,154300
1770969600,154309,154601,154280,154549
1770971400,154523,154555,154256,154450
1770973200,154364,154445,153975,154043
1770975000,154024,154232,153948,154162
1770976800,154160,154293,154030,154250
1770978600,154290,154311,153682,153779
1770980400,153800,153820,153282,153575
1770982200,153575,153799,153153,153799
1770984000,153800,154175,153702,154000
1770985800,153999,154150,153900,154016
1770987600,154045,154150,153699,153972
1770989400,154220,154994,154220,154757
1770991200,154758,155399,154607,155166
1770993000,155171,155399,154201,154998
1770994800,155105,155400,154805,155240
1770996600,155300,155698,154449,154450
1770998400,154437,155866,154437,155732
1771000200,155692,155719,155276,155276
1771002000,155334,155565,155112,155404
1771003800,155348,155698,155348,155665
1771005600,155629,156200,155493,156200
1771212600,154999,155100,154386,154661
1771214400,154700,154828,154191,154495
1771216200,154361,154573,154187,154459
1771218000,154415,154800,154125,154800
1771219800,154753,155001,154701,155001
1771221600,155000,155180,154873,155170
1771223400,155142,155400,155080,155080
1771225200,155011,155282,154985,155225
1771227000,155225,155515,155200,155400
1771228800,155400,155529,155190,155399
1771230600,155345,155435,155201,155300
1771232400,155350,155545,155302,155406
1771234200,155472,155550,155334,155442
1771236000,155407,155533,155301,155305
1771237800,155305,155471,155250,155360
1771239600,155377,155441,155210,155441
1771241400,155397,155550,155307,155436
1771243200,155387,155387,155039,155061
1771245000,155121,155388,155100,155249
1771246800,155324,155324,155057,155061
1771248600,155119,155159,154989,155133
1771250400,155208,155250,155037,155037
1771252200,155056,155056,154652,154811
1771254000,154701,154795,154334,154740
1771255800,154759,154799,154480,154728
1771257600,154601,154659,153925,154659
1771259400,154660,154790,154539,154655
1771261200,154745,154885,154724,154842
1771263000,154835,154850,154658,154700
1771264800,154640,154897,154601,154897
1771299000,153550,153959,153522,153801
1771300800,153801,153900,153522,153889
1771302600,153800,153801,153646,153685
1771304400,153725,153725,151931,152261
1771306200,152300,152399,151244,152000
1771308000,152046,152318,151946,152187
1771309800,152111,152721,152070,152542
1771311600,152400,152710,152400,152650
1771313400,152650,153124,152527,152903
1771315200,152995,153150,152850,152920
1771317000,152883,152977,152725,152820
1771318800,152801,152999,152661,152690
1771320600,152661,153010,152520,152839
1771322400,152925,153272,152871,153097
1771324200,153001,153001,152540,152600
1771326000,152600,153066,152600,152995
1771327800,152999,153056,152760,153056
1771329600,153090,153627,153028,153562
1771331400,153560,153635,153068,153116
1771333200,153116,153130,152700,152897
1771335000,152923,152998,151551,151601
1771336800,151707,152405,150730,152285
1771338600,152289,152502,151156,151275
1771340400,151280,151619,150913,151201
1771342200,151150,151699,151052,151632
1771344000,151632,152082,151611,151804
1771345800,151680,151790,151350,151358
1771347600,151300,151399,150930,151194
1771349400,151241,151399,151018,151238
1771351200,151250,151800,151213,151800
1771385400,153303,153303,152719,152989
1771387200,152934,153300,152887,153300
1771389000,153286,153554,153286,153333
1771390800,153400,153470,153200,153369
1771392600,153300,153413,153201,153227
1771394400,153200,153203,152931,153050
1771396200,153044,153344,152982,153150
1771398000,153150,153356,153106,153356
1771399800,153300,153313,153011,153020
1771401600,153050,153085,152801,152854
1771403400,152859,152953,152784,152784
1771405200,152783,152899,152667,152871
1771407000,152899,152899,152701,152701
1771408800,152692,152950,152692,152895
1771410600,152812,152812,152501,152749
1771412400,152650,152790,152650,152787
1771414200,152761,152780,152571,152619
1771416000,152632,153161,152632,152970
1771417800,152970,153662,152900,153529
1771419600,153614,154240,153529,154100
1771421400,154124,154447,153867,153952
1771423200,154003,154299,153974,154258
1771425000,154180,155499,154180,155400
1771426800,155475,155901,155301,155822
1771428600,155843,155850,155404,155449
1771430400,155500,155799,155401,155628
1771432200,155507,156383,155507,155846
1771434000,155912,155925,155699,155800
1771435800,155831,155898,155590,155735
1771437600,155828,155939,155551,155687
1771471800,155117,156133,155116,156019
1771473600,156029,156357,155907,156123
1771475400,156145,156244,155714,155981
1771477200,156000,156250,156000,156033
1771479000,156060,156285,156059,156285
1771480800,156232,156299,156107,156250
1771482600,156269,156980,156269,156906
1771484400,156950,157185,156802,157020
1771486200,156955,157036,156504,156630
1771488000,156630,156838,156505,156732
1771489800,156838,157027,156746,156935
1771491600,156940,157078,156503,156503
1771493400,156503,156784,156272,156451
1771495200,156450,156470,155803,155932
1771497000,155901,156375,155718,156375
1771498800,156408,156424,155901,155960
1771500600,156068,156068,155769,155971
1771502400,155878,156199,155602,156177
1771504200,156199,156299,155832,156017
1771506000,155988,155990,155686,155864
1771507800,155864,156224,155513,155948
1771509600,155960,155960,155068,155200
1771511400,154990,156101,154546,155833
1771513200,155899,156099,155649,156099
1771515000,156099,156239,155521,155921
1771516800,155944,155946,155301,155400
1771518600,155461,155799,155382,155510
1771520400,155477,155625,155402,155402
1771522200,155380,155436,154696,154800
1771524000,154772,154999,154700,154700
1771558200,155105,155386,154890,154970
1771560000,154911,155215,154911,155202
1771561800,155199,155466,155187,155441
1771563600,155497,155601,155429,155533
1771565400,155546,155721,155429,155721
1771567200,155799,156070,155700,155955
1771569000,155922,156200,155851,155980
1771570800,155981,156099,155734,155800
1771572600,155833,155874,155680,155680
1771574400,155722,155996,155701,155920
1771576200,155993,156413,155993,156413
1771578000,156370,156607,156330,156400
1771579800,156396,156500,156300,156328
1771581600,156349,156445,156097,156315
1771583400,156398,156599,156262,156498
1771585200,156428,156540,156257,156257
1771587000,156317,156440,156041,156070
1771588800,156031,156189,155900,155900
1771590600,155802,156299,155650,156299
1771592400,156260,156450,156164,156420
1771594200,156415,156848,156094,156674
1771596000,156708,156955,156650,156759
1771597800,156723,157399,156723,157288
1771599600,157230,157300,155240,155999
1771601400,156000,156615,155670,156352
1771603200,156413,156674,156273,156670
1771605000,156638,157149,156638,156935
1771606800,156899,157130,156530,156799
1771608600,156855,156967,156721,156914
1771610400,156900,156992,156721,156982
1771817400,159375,160600,158117,159812
1771819200,159800,159885,159502,159606
1771821000,159592,159735,159500,159504
1771822800,159529,159601,159309,159526
1771824600,159600,159777,159534,159749
1771826400,159750,159922,159640,159640
1771828200,159658,159832,159491,159500
1771830000,159481,159601,159059,159147
1771831800,159150,159276,158851,159150
1771833600,159151,159250,158829,158856
1771835400,158830,159275,158817,159275
1771837200,159260,159600,159244,159464
1771839000,159493,159598,159358,159549
1771840800,159544,159762,159500,159752
1771842600,159783,159900,159601,159900
1771844400,159900,159909,159547,159693
1771846200,159623,159795,159623,159700
1771848000,159627,159786,159627,159644
1771849800,159718,159981,159665,159959
1771851600,159933,159950,159502,159714
1771853400,159681,159750,159529,159529
1771855200,159520,159948,159400,159920
1771857000,159904,160779,159904,160630
1771858800,160630,160900,160322,160800
1771860600,160830,161101,160620,160818
1771862400,160773,161718,160342,161638
1771864200,161637,161678,161345,161470
1771866000,161470,161683,161282,161576
1771867800,161577,161651,161130,161445
1771869600,161500,161729,161500,161668
1771903800,160615,161233,160615,160699
1771905600,160651,160696,160295,160651
1771907400,160661,160673,160451,160600
1771909200,160590,160780,160500,160587
1771911000,160544,160978,160544,160909
1771912800,160901,161149,160701,160718
1771914600,160718,160802,160407,160709
1771916400,160750,160975,160600,160950
1771918200,160917,160997,160781,160890
1771920000,160915,160925,160601,160728
1771921800,160785,160931,160683,160800
1771923600,160804,160899,160670,160670
1771925400,160654,160770,160607,160763
1771927200,160800,160945,160769,160854
1771929000,160810,160833,160510,160833
1771930800,160813,160826,160698,160737
1771932600,160720,160797,160601,160606
1771934400,160625,160625,159802,160242
1771936200,160234,160266,159690,159792
1771938000,159850,160080,159839,159950
1771939800,159965,159965,158720,158845
1771941600,158870,159208,158285,158715
1771943400,158849,159422,158710,159000
1771945200,158893,159689,158800,159480
1771947000,159420,159822,159267,159588
1771948800,159623,159717,159327,159367
1771950600,159380,159660,159101,159243
1771952400,159403,159948,159403,159742
1771954200,159751,159900,159622,159890
1771956000,159901,160073,159901,159916
1771990200,161072,161072,160481,160572
1771992000,160654,160690,160332,160671
1771993800,160665,160760,160614,160724
1771995600,160691,161225,160691,161210
1771997400,161250,161652,161197,161456
1771999200,161401,161401,160923,161333
1772001000,161333,161450,161287,161329
1772002800,161316,161325,160970,161090
1772004600,161095,161168,160842,160930
1772006400,160997,161270,160965,161180
1772008200,161230,161330,161024,161024
1772010000,161050,161235,160850,161195
1772011800,161185,161329,161175,161298
1772013600,161330,161355,160801,160998
1772015400,160901,161043,160754,160880
1772017200,160882,160885,160163,160672
1772019000,160676,160856,160451,160856
1772020800,160860,160964,160775,160900
1772022600,160860,160897,160660,160825
1772024400,160847,161129,160847,160925
1772026200,160919,161177,160778,160903
1772028000,160871,161084,160601,160662
1772029800,160612,161098,160300,161026
1772031600,161081,161300,160660,160660
1772033400,160660,161180,160589,161075
1772035200,161088,161305,160950,161200
1772037000,161200,161428,161110,161383
1772038800,161305,161423,161219,161335
1772040600,161305,161347,160984,161144
1772042400,161150,161202,161100,161100
1772076600,160598,160745,160516,160666
1772078400,160660,160858,160633,160700
1772080200,160700,160719,160590,160647
1772082000,160634,160826,160577,160741
1772083800,160753,160810,160557,160602
1772085600,160646,160678,160525,160525
1772087400,160550,160627,160157,160293
1772089200,160317,160318,159877,159936
1772091000,159924,160055,159780,159900
1772092800,159899,159922,159444,159462
1772094600,159441,159615,159212,159615
1772096400,159630,159847,159542,159677
1772098200,159640,159952,159572,159858
1772100000,159858,159900,159332,159360
1772101800,159355,159510,159106,159205
1772103600,159249,159267,159077,159150
1772105400,159152,159344,158980,159025
1772107200,159079,159300,158850,159300
1772109000,159280,159447,159028,159190
1772110800,159130,159208,158960,159138
1772112600,159105,159252,159000,159150
1772114400,159115,159215,159000,159025
1772116200,158950,159099,158577,158830
1772118000,158868,159071,158449,158630
1772119800,158592,159881,158592,159588
1772121600,159605,159799,159500,159753
1772123400,159798,160055,159628,159840
1772125200,159887,160240,159656,159710
1772127000,159749,159876,159445,159577
1772128800,159630,159899,159560,159861
1772163000,160050,160234,159817,159936
1772164800,159927,160056,159816,160025
1772166600,160080,160200,160068,160128
1772168400,160108,160560,160108,160560
1772170200,160560,160719,160451,160594
1772172000,160592,160599,160337,160399
1772173800,160400,160449,160250,160337
1772175600,160258,160399,160204,160254
1772177400,160240,160317,160144,160170
1772179200,160180,160296,160101,160140
1772181000,160140,160425,160140,160233
1772182800,160287,160300,160127,160210
1772184600,160182,160390,160182,160260
1772186400,160243,160332,160197,160210
1772188200,160232,160303,160101,160255
1772190000,160283,160346,160192,160262
1772191800,160300,160471,160270,160471
1772193600,160489,160500,160375,160442
1772195400,160433,160491,160356,160481
1772197200,160498,161865,160495,161649
1772199000,161633,161700,161199,161546
1772200800,161531,161799,161327,161718
1772202600,161718,161718,161282,161486
1772204400,161541,162113,161331,161758
1772206200,161807,162199,161616,162010
1772208000,162025,162589,161809,162150
1772209800,162127,162280,161908,162008
1772211600,161919,162195,161700,162078
1772213400,162078,162086,161820,162000
1772215200,162000,162229,161957,161971
1772422200,165217,167915,165217,167001
1772424000,167011,167222,166645,167112
1772425800,167119,167119,166651,166837
1772427600,166835,166875,166601,166776
1772429400,166795,167280,166720,167280
1772431200,167275,168047,167243,168047
1772433000,168044,168490,167849,168333
1772434800,168313,169679,168150,169150
1772436600,169145,169411,168924,169249
1772438400,169361,169369,169010,169300
1772440200,169326,169340,168485,168546
1772442000,168546,168755,168366,168650
1772443800,168685,168994,168590,168736
1772445600,168722,168799,168407,168749
1772447400,168750,169126,168651,168820
1772449200,168800,168999,168660,168900
1772451000,168945,169100,168601,168735
1772452800,168773,169078,168716,169010
1772454600,169099,169399,169050,169399
1772456400,169399,169787,169120,169605
1772458200,169600,169880,169301,169489
1772460000,169430,169437,166450,167940
1772461800,167886,168200,166689,167300
1772463600,167180,167699,166800,167393
1772465400,167545,167993,166803,166933
1772467200,166840,166851,165100,166743
1772469000,166634,166634,165702,165870
1772470800,165720,166409,165649,166340
1772472600,166153,166699,166001,166241
1772474400,166255,166257,165802,166065
1772537400,162995,162999,159649,162005
1772539200,162060,164352,162015,164277
1772541000,164280,164900,163783,164715
1772542800,164600,164600,162609,163562
1772544600,163562,163788,162221,163050
1772546400,163024,163550,162296,162854
1772548200,162560,162560,159600,159622
1772550000,159606,160587,158716,160072
1772551800,160007,161437,160007,161300
1772553600,161315,162032,161108,161586
1772555400,161594,162192,161150,161400
1772557200,161388,161548,160689,160841
1772559000,160650,160900,160300,160784
1772560800,160888,161444,160873,161102
1772595000,162800,163700,162617,163689
1772596800,163660,163800,163253,163402
1772598600,163350,163501,162997,163033
1772600400,163136,163370,162971,163023
1772602200,163141,163321,163001,163182
1772604000,163079,163079,162258,162504
1772605800,162500,163030,162400,163030
1772607600,163052,163600,163052,163511
1772609400,163350,163517,163201,163370
1772611200,163322,163412,162901,163155
1772613000,163204,163599,163176,163310
1772614800,163298,163558,163171,163409
1772616600,163346,163640,163332,163640
1772618400,163650,164047,163557,163701
1772620200,163552,163798,163426,163700
1772622000,163745,163878,163601,163744
1772623800,163775,163899,163576,163670
1772625600,163740,163973,163278,163390
1772627400,163275,163338,162800,163120
1772629200,163199,163770,163174,163601
1772631000,163516,163523,162785,162808
1772632800,162808,163142,162426,162603
1772634600,162600,163233,161908,162171
1772636400,162120,162499,161800,162450
1772638200,162486,162699,161916,162192
1772640000,162319,162599,162028,162163
1772641800,162163,162499,162163,162339
1772643600,162210,162449,161534,161778
1772645400,161796,162200,161619,162063
1772647200,162063,162063,161241,161600
1772681400,162862,163142,162108,162239
1772683200,162227,162435,162072,162157
1772685000,162179,162199,161721,161998
1772686800,161950,162139,161950,162014
1772688600,161970,161970,161252,161338
1772690400,161253,161507,160530,161212
1772692200,161216,161784,161003,161784
1772694000,161739,161850,161537,161800
1772695800,161800,161834,161600,161703
1772697600,161738,161738,161071,161204
1772699400,161250,161885,161250,161795
1772701200,161750,161949,161555,161600
1772703000,161601,161680,161390,161600
1772704800,161565,161615,161302,161443
1772706600,161450,161869,161307,161799
1772708400,161799,161822,161638,161662
1772710200,161690,161810,161590,161738
1772712000,161801,162149,161800,161858
1772713800,161811,161895,161615,161709
1772715600,161650,161650,159442,160599
1772717400,160625,160978,160320,160424
1772719200,160500,160800,160121,160600
1772721000,160600,160777,159896,160279
1772722800,160250,160595,159212,159902
1772724600,159902,160300,159642,160300
1772726400,160370,160481,159355,159500
1772728200,159526,159948,159232,159785
1772730000,159793,160100,159770,159827
1772731800,159718,159738,159300,159550
1772733600,159500,159984,159251,159920
1772767800,161139,161250,160710,160801
1772769600,160865,161034,160691,160798
1772771400,160798,160984,160736,160810
1772773200,160770,160858,160653,160777
1772775000,160760,160760,160306,160475
1772776800,160434,160646,160265,160475
1772778600,160446,160551,160400,160464
1772780400,160400,160500,160252,160400
1772782200,160400,160538,160310,160538
1772784000,160485,160600,160000,160070
1772785800,160000,160340,159978,160236
1772787600,160214,160214,159827,159923
1772789400,159945,160065,159534,159660
1772791200,159722,159823,159400,159800
1772793000,159800,159881,159687,159822
1772794800,159799,160086,159611,160063
1772796600,160067,160119,159372,159591
1772798400,159606,160095,159577,159817
1772800200,159829,160079,159698,159769
1772802000,159701,159900,159320,159715
1772803800,160120,161011,159758,160071
1772805600,160071,160599,160055,160500
1772807400,160555,161290,160084,161196
1772809200,161343,162512,161182,162295
1772811000,162325,162460,161505,161699
1772812800,161699,161950,161600,161750
1772814600,161800,161835,161222,161434
1772816400,161434,161629,161230,161579
1772818200,161621,161865,161405,161600
1772820000,161624,161775,161571,161675
1773027000,160672,160672,159826,160497
1773028800,160497,160635,160342,160360
1773030600,160308,160350,160002,160208
1773032400,160182,160547,159950,160300
1773034200,160200,161511,160160,161109
1773036000,161150,161450,161049,161278
1773037800,161278,161278,160501,160582
1773039600,160500,160739,160350,160677
1773041400,160763,160786,160382,160480
1773043200,160580,160832,160401,160401
1773045000,160388,160600,160297,160536
1773046800,160554,161369,160554,161283
1773048600,161306,161498,160572,160765
1773050400,160850,160961,160715,160715
1773052200,160640,160700,160260,160314
1773054000,160372,160500,160093,160208
1773055800,160225,160316,160057,160220
1773057600,160220,160795,160220,160795
1773059400,160800,160856,160356,160460
1773061200,160327,160587,160151,160300
1773063000,160398,160665,159640,159955
1773064800,159800,160150,159450,159976
1773066600,159999,160820,159960,160368
1773068400,160260,160384,159951,160353
1773070200,160342,160450,160203,160420
1773072000,160386,160600,160274,160413
1773073800,160454,160630,160371,160432
1773075600,160409,160431,160200,160240
1773077400,160216,160499,160153,160387
1773113400,161706,161791,161452,161706
1773115200,161733,162109,161648,161959
1773117000,161950,162149,161931,162018
1773118800,162033,162250,162033,162100
1773120600,162164,162300,161979,162283
1773122400,162283,162388,161984,162014
1773124200,162014,162160,162000,162131
1773126000,162101,162180,161340,161500
1773127800,161575,161974,161501,161911
1773129600,161999,162131,161800,162104
1773131400,162120,162375,162055,162160
1773133200,162091,162235,162001,162137
1773135000,162126,162190,161930,161930
1773136800,161916,162000,161762,161812
1773138600,161753,161900,161450,161900
1773140400,161910,162220,161910,161960
1773142200,162000,162057,161826,161841
1773144000,161841,162164,161666,162164
1773145800,162107,162369,162107,162138
1773147600,162300,163468,162300,163090
1773149400,163031,163276,162700,162922
1773151200,163044,163182,162418,163039
1773153000,163014,163122,162772,162847
1773154800,162751,163400,162629,163301
1773156600,163300,163577,163298,163330
1773158400,163374,163525,163209,163450
1773160200,163408,163449,163255,163326
1773162000,163365,163444,163157,163247
1773163800,163290,163373,163265,163335
1773199800,163149,163149,162600,162721
1773201600,162723,162949,162651,162896
1773203400,162871,162943,162701,162701
1773205200,162700,162819,162650,162650
1773207000,162630,162689,162300,162475
1773208800,162475,162836,162452,162743
1773210600,162748,162759,162427,162520
1773212400,162501,162636,162451,162509
1773214200,162508,162508,162116,162410
1773216000,162482,162500,162232,162254
1773217800,162226,162360,162055,162359
1773219600,162313,162356,162170,162285
1773221400,162251,162498,162222,162331
1773223200,162300,162478,162272,162297
1773225000,162320,162320,161977,162162
1773226800,162207,162309,162063,162181
1773228600,162216,162326,161976,162031
1773230400,162094,162575,162000,162428
1773232200,162569,162577,161682,161731
1773234000,161690,162150,161566,162054
1773235800,161970,162019,161230,161845
1773237600,161903,162398,161889,162398
1773239400,162411,162448,161956,162191
1773241200,162130,162175,161854,161880
1773243000,161835,161943,161726,161925
1773244800,161850,161948,161779,161901
1773246600,161861,162158,161851,162089
1773248400,162090,162190,161961,161961
1773250200,161913,161991,161546,161967
1773286200,161402,162991,161081,161520
1773288000,161490,161609,161406,161518
1773289800,161508,161525,161214,161238
1773291600,161250,161402,161076,161181
1773293400,161158,161621,161128,161579
1773295200,161583,161610,161370,161469
1773297000,161493,161893,161472,161523
1773298800,161563,161780,161563,161739
1773300600,161752,162268,161752,162100
1773302400,162190,162260,161860,161860
1773304200,161860,162013,161830,161859
1773306000,161862,161951,161801,161866
1773307800,161908,162023,161892,162023
1773309600,162040,162215,161980,161980
1773311400,161972,162048,161860,162020
1773313200,162035,162092,161835,161911
1773315000,161911,161957,161874,161950
1773316800,161901,161901,161621,161875
1773318600,161875,162034,161720,161940
1773320400,162010,162078,161529,161691
1773322200,161660,161660,161283,161402
1773324000,161425,161680,161352,161364
1773325800,161364,161479,161122,161346
1773327600,161311,161311,160461,161001
1773329400,160950,161068,160651,160988
1773331200,160977,161100,160752,161020
1773333000,160931,161067,160610,160629
1773334800,160615,160702,160400,160497
1773336600,160450,160452,160130,160185
1773372600,159764,160401,159764,160328
1773374400,160324,160386,159977,160000
1773376200,160000,160015,159843,159890
1773378000,159933,160185,159931,160050
1773379800,160046,160164,159730,159910
1773381600,159910,160034,159533,159655
1773383400,159733,159769,159440,159546
1773385200,159400,159598,159000,159251
1773387000,159302,159532,159276,159377
1773388800,159302,159302,158764,158930
1773390600,158930,159350,158930,159340
1773392400,159310,159608,159310,159499
1773394200,159499,159581,159350,159529
1773396000,159441,159649,159335,159550
1773397800,159502,159701,159362,159555
1773399600,159584,159625,159400,159625
1773401400,159570,160078,159560,160061
1773403200,160100,160415,160020,160400
1773405000,160421,160673,160196,160510
1773406800,160476,160548,160001,160116
1773408600,160090,160251,159666,159930
1773410400,159801,160031,159355,159517
1773412200,159450,159495,158121,158300
1773414000,158250,159067,158250,158800
1773415800,158745,158860,157960,158006
1773417600,157966,158200,157540,158000
1773419400,158224,158488,158100,158397
1773421200,158400,158850,158282,158624
1773423000,158570,158850,158291,158400
1773631800,157347,157347,156655,157223
1773633600,157223,157523,157215,157241
1773635400,157210,157316,156447,156460
1773637200,156526,156698,156254,156425
1773639000,156369,156750,156000,156640
1773640800,156650,157187,156500,156700
1773642600,156700,156793,156250,156417
1773644400,156400,156512,156078,156078
1773646200,156090,156209,155595,155695
1773648000,155751,155780,155434,155750
1773649800,155692,155860,155222,155668
1773651600,155672,155719,155448,155649
1773653400,155642,155718,155168,155184
1773655200,155184,155560,154925,155450
1773657000,155387,155690,155203,155630
1773658800,155630,156431,155558,156258
1773660600,156288,156323,155522,155616
1773662400,155597,156380,155536,156241
1773664200,156302,156455,156019,156439
1773666000,156440,156877,156271,156568
1773667800,156593,157055,156456,156650
1773669600,156737,156996,156150,156150
1773671400,156090,156152,155476,155704
1773673200,155758,156100,155484,155637
1773675000,155796,155998,155400,155463
1773676800,155544,155804,155281,155328
1773678600,155370,155797,155302,155757
1773680400,155757,156147,155757,155916
1773682200,155791,155890,155624,155890
1773718200,156981,156996,156649,156696
1773720000,156712,156980,156681,156980
1773721800,156959,157424,156929,157294
1773723600,157294,157580,157087,157225
1773725400,157234,157344,156761,156835
1773727200,156800,156800,156342,156502
1773729000,156542,156600,156300,156347
1773730800,156334,156505,156266,156505
1773732600,156500,156839,156500,156659
1773734400,156627,156792,156526,156594
1773736200,156626,156799,156607,156736
1773738000,156810,156810,156473,156660
1773739800,156600,156604,156360,156368
1773741600,156392,156472,156029,156106
1773743400,156150,156301,155739,155931
1773745200,155934,156306,155882,156222
1773747000,156215,156279,156015,156015
1773748800,155952,156546,155881,156450
1773750600,156485,156600,156254,156300
1773752400,156300,156446,156289,156289
1773754200,156298,156737,156100,156313
1773756000,156328,156406,156062,156110
1773757800,156189,156421,156050,156050
1773759600,156037,156320,155766,155766
1773761400,155754,155934,155147,155750
1773763200,155750,155950,155558,155950
1773765000,155950,155950,155736,155927
1773766800,155950,156142,155908,156013
1773768600,155956,156100,155810,156100
1773804600,155658,155788,155401,155529
1773806400,155519,155600,155466,155550
1773808200,155495,155505,155200,155314
1773810000,155300,155494,155220,155338
1773811800,155350,155622,155288,155471
1773813600,155532,155942,155501,155843
1773815400,155900,156075,155757,155854
1773817200,155900,156024,155729,155830
1773819000,155866,155928,155423,155538
1773820800,155549,155634,155286,155563
1773822600,155580,155591,155274,155395
1773824400,155370,155680,155370,155628
1773826200,155655,155828,155615,155750
1773828000,155683,155705,155480,155480
1773829800,155541,155592,155100,155262
1773831600,155263,155300,154662,154783
1773833400,154710,155033,154024,154072
1773835200,154209,154354,153290,153347
1773837000,153300,153315,152541,152934
1773838800,152838,152838,151550,152185
1773840600,152038,153095,151901,152758
1773842400,152816,153376,152278,152381
1773844200,152380,152742,152250,152667
1773846000,152690,152690,152111,152472
1773847800,152487,152600,152168,152297
1773849600,152210,152800,152187,152800
1773851400,152840,153112,152510,152995
1773853200,152911,153250,152820,153001
1773855000,153007,153250,152865,153100
1773891000,152010,152248,151712,152050
1773892800,152030,152100,151775,151970
1773894600,151936,152227,151914,152033
1773896400,152076,152449,152050,152300
1773898200,152224,152224,151323,151330
1773900000,151304,151731,150908,151000
1773901800,150913,151083,148600,149352
1773903600,149316,150097,149101,149596
1773905400,149578,149614,148017,148017
1773907200,148091,148523,147331,147703
1773909000,147654,147755,146757,147380
1773910800,147395,147681,146875,147488
1773912600,147405,147800,147098,147347
1773914400,147404,147925,146970,147113
1773916200,147135,147491,146831,147183
1773918000,147085,147373,146928,147107
1773919800,147300,147461,146077,146077
1773921600,146077,146146,144105,144120
1773923400,144105,144475,143125,143217
1773925200,143151,143800,141121,143700
1773927000,143500,145209,142502,145209
1773928800,145296,145750,143800,143800
1773930600,143800,145301,143794,144450
1773932400,144453,145489,144392,144541
1773934200,144513,144677,143300,144338
1773936000,144294,145133,144100,144425
1773937800,144425,144745,143878,144005
1773939600,144090,144818,143750,144570
1773941400,144502,145399,144502,145119
1773977400,148302,148302,147406,148105
1773979200,148118,148200,147401,147770
1773981000,147872,148085,147639,147772
1773982800,147775,147850,147443,147652
1773984600,147630,147630,146500,146600
1773986400,146686,147124,146386,146638
1773988200,146648,146648,145700,146131
1773990000,146198,146950,146180,146814
1773991800,146850,147688,146850,147648
1773993600,147552,148457,147337,147900
1773995400,147758,147795,146965,147157
1773997200,147235,147681,146957,147200
1773999000,147231,147231,146501,146796
1774000800,146796,146801,146121,146600
1774002600,146645,146981,145963,146193
1774004400,146188,146861,145900,146675
1774006200,146640,146900,146381,146736
1774008000,146800,147580,146800,146835
1774009800,146872,147026,146562,146927
1774011600,146920,147082,146535,146762
1774013400,146722,146817,145233,145288
1774015200,145288,145521,143385,143650
1774017000,143639,144499,143545,143769
1774018800,143853,144189,143425,143860
1774020600,143954,144100,143522,143619
1774022400,143622,145779,143622,144800
1774024200,144800,145074,144017,144402
1774026000,144450,145000,144320,144483
1774027800,144523,144930,144066,144825
1774236600,140158,140158,136403,137020
1774238400,137100,138000,137100,137754
1774240200,137675,137991,137190,137530
1774242000,137576,137891,137300,137345
1774243800,137160,137160,135823,135882
1774245600,135882,135882,134000,134006
1774247400,134048,134260,131508,133098
1774249200,132921,132998,129595,130699
1774251000,130743,133638,130674,132642
1774252800,132685,134423,132685,133637
1774254600,133600,134700,133400,134146
1774256400,134156,135783,133962,135567
1774258200,135665,135918,133500,134483
1774260000,134392,134946,134113,134767
1774261800,134745,135161,134160,134729
1774263600,134820,140525,134820,139000
1774265400,139026,140659,138035,138507
1774267200,138549,139095,137084,138700
1774269000,138620,141741,138357,141501
1774270800,141350,141414,139268,139389
1774272600,139328,140763,139328,140388
1774274400,140526,142300,140284,141400
1774276200,141400,141994,140620,140708
1774278000,140708,141261,139430,139886
1774279800,139967,140226,137130,137560
1774281600,137528,138746,137214,137214
1774283400,137357,138463,137252,137785
1774285200,138000,139079,137794,138830
1774287000,138835,139701,138595,139280
1774323000,137784,138450,136684,137100
1774324800,137223,138000,136763,137105
1774326600,137146,137588,137048,137090
1774328400,137144,137166,136364,136650
1774330200,136574,137853,136292,137428
1774332000,137350,139192,137350,138776
1774333800,138850,139494,138502,139462
1774335600,139440,140081,139355,139519
1774337400,139491,140482,139242,140042
1774339200,139962,139979,139101,139201
1774341000,139207,139848,139173,139653
1774342800,139600,139800,139164,139410
1774344600,139450,140189,139397,140139
1774346400,140090,140450,139956,140070
1774348200,139942,140800,139841,140639
1774350000,140605,140605,139471,139753
1774351800,139686,140167,139229,139450
1774353600,139599,139795,139100,139294
1774355400,139235,139342,137892,138359
1774357200,138250,138775,138100,138184
1774359000,137983,138554,137714,138444
1774360800,138600,139711,138551,139637
1774362600,139575,140124,139425,139908
1774364400,139961,140073,139528,139800
1774366200,139830,140119,139524,139538
1774368000,139442,139956,139131,139826
1774369800,139841,139844,139400,139657
1774371600,139735,139844,139191,139309
1774373400,139241,139285,138730,138743
1774409400,143079,144434,143079,144161
1774411200,144175,144389,143953,144367
1774413000,144287,144570,144230,144350
1774414800,144233,144307,143708,143752
1774416600,143730,144350,143644,144000
1774418400,144000,144000,143450,143851
1774420200,143926,143990,143765,143821
1774422000,143800,144251,143800,144004
1774423800,144080,144080,143615,143723
1774425600,143666,144298,143666,144210
1774427400,144211,144306,143989,144001
1774429200,144010,144174,143931,143974
1774431000,143974,144000,143350,143949
1774432800,143904,144100,143885,143998
1774434600,144002,144310,143961,144183
1774436400,144180,145000,144081,144802
1774438200,144900,145181,144774,144940
1774440000,144942,145194,144101,144373
1774441800,144300,144550,143895,144108
1774443600,144108,144745,144100,144541
1774445400,144600,144650,143975,144029
1774447200,144050,144365,143729,144210
1774449000,144289,144503,144147,144300
1774450800,144335,144335,143538,144090
1774452600,144118,144200,143901,144050
1774454400,144049,144127,143781,144058
1774456200,144100,144165,143942,144040
1774458000,144029,144056,143749,144000
1774459800,143901,144199,143880,144100
1774524600,139800,141433,139800,140777
1774526400,140777,141300,140777,141287
1774528200,141134,141249,140960,141050
1774530000,141000,141631,140901,141500
1774531800,141450,141850,141074,141627
1774533600,141750,142300,141500,142097
1774535400,142150,142695,141800,142230
1774537200,142157,142157,141700,141847
1774539000,141806,141806,141400,141480
1774540800,141477,141477,140473,140500
1774542600,140500,140500,139668,139801
1774544400,139730,140100,139500,139500
1774546200,139179,139837,138961,139837
1774582200,140287,141349,140287,141001
1774584000,141100,141237,140787,140886
1774585800,140920,141544,140910,141450
1774587600,141461,141680,141250,141630
1774589400,141700,142660,141700,142297
1774591200,142295,142800,142240,142550
1774593000,142585,142684,142451,142451
1774594800,142558,142748,142250,142630
1774596600,142630,142732,142253,142351
1774598400,142466,142695,141800,142017
1774600200,141890,142430,141890,141901
1774602000,141900,142075,141651,141950
1774603800,141951,142269,141800,141850
1774605600,141850,142000,141100,141898
1774607400,141882,141900,141209,141291
1774609200,141450,141550,141198,141441
1774611000,141551,141855,141442,141575
1774612800,141665,141951,141564,141945
1774614600,141950,142500,141900,142301
1774616400,142197,142300,141950,142000
1774618200,141705,142500,141705,142055
1774620000,142250,142940,142250,142745
1774621800,142774,143600,142745,143600
1774623600,143677,145868,143677,145471
1774625400,145411,145690,144259,144883
1774627200,144948,145302,144228,144331
1774629000,144701,144810,143619,144637
1774630800,144647,144900,144101,144114
1774632600,144300,144500,144140,144500
1774841400,146490,149250,144212,146000
1774843200,145956,146048,145537,145849
1774845000,145815,146413,145636,146399
1774846800,146421,147398,146421,146907
1774848600,147042,147896,146900,147600
1774850400,147501,148108,147490,147850
1774852200,147802,148587,147702,148051
1774854000,148007,148107,147794,147798
1774855800,147760,147899,147541,147810
1774857600,147850,148050,147802,147902
1774859400,147902,148308,147902,148270
1774861200,148310,149000,147980,148527
1774863000,148612,148799,148391,148495
1774864800,148515,148656,148341,148433
1774866600,148305,148396,148152,148221
1774868400,148268,148729,148100,148495
1774870200,148592,149799,148473,149070
1774872000,149101,149511,148878,149499
1774873800,149430,149886,149363,149555
1774875600,149638,149750,149221,149394
1774877400,149467,149600,147958,148200
1774879200,148150,148398,147660,147813
1774881000,147812,148361,147812,148312
1774882800,148400,148449,147927,148123
1774884600,148080,148972,148000,148717
1774886400,148750,148784,148286,148286
1774888200,148285,148699,148162,148297
1774890000,148380,148380,147874,148046
1774891800,148000,148053,147337,147450
1774956600,148707,149596,148586,149160
1774958400,149160,149398,148750,149000
1774960200,148895,149199,148800,148810
1774962000,148751,149199,148607,148800
1774963800,148779,149711,148700,149556
1774965600,149610,150089,149403,149869
1774967400,149880,150246,149276,149324
1774969200,149347,149850,149347,149513
1774971000,149500,149990,149420,149677
1774972800,149603,149930,149603,149832
1774974600,149834,150649,149834,150380
1774976400,150473,150833,150250,150540
1774978200,150522,150900,150522,150823
1775014200,151538,151870,151247,151553
1775016000,151573,151573,151068,151499
1775017800,151475,151720,151200,151575
1775019600,151598,151899,151540,151750
1775021400,151795,152452,151795,151950
1775023200,151902,152226,151651,152226
1775025000,152220,152400,151921,152350
1775026800,152350,152400,151891,151956
1775028600,152030,152758,151950,152034
1775030400,152072,152479,152000,152388
1775032200,152302,152560,152288,152312
1775034000,152287,152304,152000,152129
1775035800,152150,152298,151975,152220
1775037600,152220,152250,151928,152168
1775039400,152168,152510,152145,152203
1775041200,152252,152888,152252,152888
1775043000,152851,153435,152851,153119
1775044800,153086,153192,152414,152603
1775046600,152770,153134,152470,152470
1775048400,152397,152894,152207,152858
1775050200,152794,153132,152738,152738
1775052000,152710,153235,152500,152922
1775053800,152941,153737,152850,153600
1775055600,153600,153890,153500,153860
1775057400,153890,154500,153872,154469
1775059200,154393,154500,153863,153884
1775061000,153872,154199,153853,154152
1775062800,154177,154285,154045,154179
1775064600,154095,154095,153350,153487
1775100600,152490,152490,150480,150657
1775102400,150657,150872,150145,150468
1775104200,150425,150956,150230,150936
1775106000,150960,151370,150839,151252
1775107800,151318,151318,148200,148427
1775109600,148357,148425,147100,147740
1775111400,147689,148649,147570,148313
1775113200,148249,149144,148220,148850
1775115000,148805,149380,148754,148935
1775116800,149097,149152,148292,148577
1775118600,148550,148888,148100,148175
1775120400,148092,148754,148050,148249
1775122200,148333,148640,148302,148477
1775124000,148410,148944,148201,148500
1775125800,148530,149191,148493,148949
1775127600,148763,149090,148602,148602
1775129400,148601,148728,148057,148229
1775131200,148250,149050,148110,148919
1775133000,148888,148888,148200,148224
1775134800,148178,148447,147603,147990
1775136600,148011,149705,147801,149522
1775138400,149459,150349,149106,150029
1775140200,150000,150860,149956,150545
1775142000,150500,150500,149753,150250
1775143800,150298,150300,149601,149845
1775145600,149998,150155,149475,149766
1775147400,149700,150200,149700,149950
1775149200,149802,150141,149706,149833
1775151000,149791,149825,149538,149650
1775446200,148651,149260,148298,149172
1775448000,149200,149519,149200,149383
1775449800,149296,149877,149250,149877
1775451600,149880,150319,149825,149930
1775453400,149935,149963,149462,149527
1775455200,149546,150130,149287,149950
1775457000,149933,150261,149897,150261
1775458800,150206,150245,149700,149811
1775460600,149813,150935,149813,150825
1775462400,150812,151151,150662,151012
1775464200,151050,151325,151004,151246
1775466000,151200,151390,151195,151300
1775467800,151300,151350,150834,150992
1775469600,151000,151189,150750,150954
1775471400,150901,151271,150888,151081
1775473200,151101,151224,150909,151008
1775475000,151066,151156,150600,150600
1775476800,150592,150943,150051,150205
1775478600,150276,150600,150273,150500
1775480400,150460,150464,150014,150272
1775482200,150307,150692,150220,150650
1775484000,150700,150950,150181,150702
1775485800,150750,150961,150510,150666
1775487600,150587,150587,150025,150268
1775489400,150322,150422,150001,150388
1775491200,150399,150521,150200,150200
1775493000,150202,150300,150043,150043
1775494800,150042,150068,149611,149877
1775496600,149839,150116,149818,150100
1775532600,149759,150000,149625,149850
1775534400,149868,149999,149721,149877
1775536200,149860,150474,149860,150228
1775538000,150251,150308,149482,149486
1775539800,149509,149765,149201,149680
1775541600,149660,149900,149571,149665
1775543400,149665,150063,149665,149958
1775545200,149950,150028,149373,149477
1775547000,149428,149600,149311,149600
1775548800,149534,150780,149534,150461
1775550600,150262,150700,150262,150540
1775552400,150625,150860,150566,150566
1775554200,150561,150561,149920,150300
1775556000,150300,150510,150045,150288
1775557800,150205,150304,149931,149970
1775559600,150020,150048,149450,149901
1775561400,149852,150272,149820,150050
1775563200,150024,150280,149798,150249
1775565000,150178,150248,149713,149766
1775566800,149750,149910,149659,149809
1775568600,149886,149921,149206,149420
1775570400,149400,149508,148424,149305
1775572200,149350,149912,149000,149000
1775574000,149043,149582,148901,149536
1775575800,149578,149766,149225,149666
1775577600,149666,149997,149571,149877
1775579400,149869,149869,149683,149687
1775581200,149779,150199,149687,149765
1775583000,149843,150540,149810,150489
1775619000,153616,153944,153389,153568
1775620800,153503,153697,153301,153679
1775622600,153603,153705,153406,153524
1775624400,153577,154121,153551,154121
1775626200,154100,154934,154059,154460
1775628000,154462,154551,154154,154465
1775629800,154498,154569,154000,154091
1775631600,154050,154126,153800,154043
1775633400,154044,154131,153750,153950
1775635200,153930,154148,153650,153732
1775637000,153845,153845,153450,153530
1775638800,153530,153746,153500,153540
1775640600,153546,153584,152886,153000
1775642400,153066,153300,152693,152963
1775644200,153044,153393,152986,153124
1775646000,153105,153439,153098,153276
1775647800,153200,153521,153025,153432
1775649600,153480,153687,152625,153140
1775651400,153169,153485,153101,153384
1775653200,153361,153579,153032,153185
1775655000,153200,153200,152601,152851
1775656800,152851,153149,152419,152555
1775658600,152582,152728,151488,151610
1775660400,151600,152248,151600,152037
1775662200,152037,152413,152031,152324
1775664000,152324,152459,151909,152007
1775665800,152001,152470,151905,152283
1775667600,152316,152444,151923,152102
1775669400,152131,152131,151619,151619
1775705400,151299,151452,150647,151102
1775707200,151101,151417,151000,151131
1775709000,151101,151364,151025,151306
1775710800,151306,151499,151081,151499
1775712600,151485,151500,151159,151336
1775714400,151400,151663,151222,151396
1775716200,151490,151490,151100,151250
1775718000,151269,151663,151121,151158
1775719800,151200,151677,151200,151591
1775721600,151640,151990,151577,151879
1775723400,151889,152097,151845,151920
1775725200,151898,152106,151875,151946
1775727000,151930,152005,151736,151890
1775728800,151874,152106,151611,152100
1775730600,152105,152268,152052,152130
1775732400,152090,152239,151963,152239
1775734200,152251,152578,152228,152440
1775736000,152486,152539,151851,151900
1775737800,151999,152200,151953,152150
1775739600,152200,152598,152083,152450
1775741400,152414,152969,152311,152800
1775743200,152800,153080,152632,152830
1775745000,152780,152831,152322,152799
1775746800,152799,153318,152519,153088
1775748600,153063,153571,153061,153400
1775750400,153400,153575,153152,153385
1775752200,153380,153480,153162,153217
1775754000,153232,153480,153180,153301
1775755800,153258,153500,153203,153500
1775791800,152685,152985,152561,152814
1775793600,152792,152867,152651,152753
1775795400,152741,152780,152640,152687
1775797200,152651,152980,152651,152900
1775799000,152930,152990,152699,152700
1775800800,152650,152794,152419,152495
1775802600,152504,152638,152160,152220
1775804400,152286,152530,152074,152470
1775806200,152490,152520,152232,152300
1775808000,152325,152437,152126,152276
1775809800,152276,152392,151745,151997
1775811600,152001,152400,151949,152319
1775813400,152204,152415,152075,152373
1775815200,152368,152486,152025,152430
1775817000,152429,152549,152355,152393
1775818800,152440,152600,152380,152550
1775820600,152555,152850,152511,152850
1775822400,152850,152925,152486,152557
1775824200,152975,153099,152500,152770
1775826000,152680,152934,152620,152775
1775827800,152771,152937,152565,152900
1775829600,152805,153285,152707,153196
1775831400,153176,153270,152731,152751
1775833200,152800,153129,152700,152900
1775835000,152995,152995,152414,152638
1775836800,152523,152620,152158,152497
1775838600,152542,152674,152450,152637
1775840400,152592,152728,152500,152575
1775842200,152617,152759,152488,152690
1776051000,151689,151999,151457,151899
1776052800,151859,151859,151494,151588
1776054600,151566,151895,151461,151812
1776056400,151797,151880,151600,151699
1776058200,151661,151910,151580,151902
1776060000,151782,151948,151782,151884
1776061800,151899,151919,151701,151735
1776063600,151758,152019,151740,151816
1776065400,151905,152100,151801,152001
1776067200,151950,152144,151950,152012
1776069000,152010,152110,151760,151844
1776070800,151892,151892,151580,151580
1776072600,151613,151692,151471,151643
1776074400,151603,151686,151506,151562
1776076200,151610,151770,151351,151769
1776078000,151850,151929,151670,151670
1776079800,151750,151750,151406,151457
1776081600,151406,151730,151255,151468
1776083400,151471,151850,151456,151810
1776085200,151836,152199,151836,152105
1776087000,152199,152300,151802,152023
1776088800,152023,152023,151531,151551
1776090600,151535,151733,151400,151595
1776092400,151612,151612,151301,151420
1776094200,151350,151655,151315,151540
1776096000,151555,152040,151549,151984
1776097800,151998,152246,151919,151984
1776099600,151984,152357,151771,152176
1776101400,152200,152334,151866,151983
1776166200,153099,153154,152803,152979
1776168000,152956,153119,152771,152947
1776169800,152996,153025,152700,152946
1776171600,152900,153499,152900,153301
1776173400,153311,153850,153301,153662
1776175200,153682,153951,153525,153948
1776177000,153948,154138,153691,153835
1776178800,153835,153874,153562,153802
1776180600,153830,154170,153830,154052
1776182400,154052,154298,153980,154250
1776184200,154250,154301,154035,154052
1776186000,154050,154779,154037,154580
1776187800,154558,154940,154521,154868
1776223800,154651,154855,154572,154572
1776225600,154553,154766,154404,154699
1776227400,154674,154840,154674,154761
1776229200,154851,155048,154786,155032
1776231000,155000,155039,154457,154637
1776232800,154775,154798,154450,154491
1776234600,154500,154646,154450,154465
1776236400,154465,154537,154252,154415
1776238200,154415,154587,154328,154555
1776240000,154530,154552,154331,154407
1776241800,154410,154748,154310,154734
1776243600,154692,154732,154057,154070
1776245400,154081,154262,153706,154089
1776247200,154045,154249,153922,154034
1776249000,154100,154289,154000,154200
1776250800,154180,154425,154012,154349
1776252600,154370,154665,154316,154591
1776254400,154550,154648,154437,154570
1776256200,154586,154610,154445,154579
1776258000,154561,154900,154459,154899
1776259800,154849,155065,154730,154977
1776261600,154965,155000,154759,154800
1776263400,154800,154800,154359,154400
1776265200,154400,154400,153930,153930
1776267000,153884,154200,153563,153983
1776268800,153998,154288,153998,154222
1776270600,154216,154300,154006,154110
1776272400,154021,154175,153877,154088
1776274200,154095,154095,153836,153998
1776310200,154651,154756,154501,154601
1776312000,154600,154809,154573,154673
1776313800,154645,154830,154623,154830
1776315600,154823,154990,154823,154876
1776317400,154887,154900,154636,154672
1776319200,154676,154760,154477,154527
1776321000,154470,154841,154470,154833
1776322800,154819,154819,154473,154626
1776324600,154685,154777,154501,154513
1776326400,154501,154501,154255,154350
1776328200,154348,154465,154250,154378
1776330000,154395,154500,154363,154374
1776331800,154436,154436,154200,154315
1776333600,154334,154394,154171,154221
1776335400,154150,154405,154129,154405
1776337200,154420,154523,154335,154408
1776339000,154450,154540,154357,154522
1776340800,154521,154541,154320,154381
1776342600,154370,154500,154314,154408
1776344400,154450,154530,154350,154451
1776346200,154400,154580,153500,153788
1776348000,153789,154105,153575,153900
1776349800,153915,153915,152929,153466
1776351600,153420,154004,153420,153675
1776353400,153600,153849,153500,153750
1776355200,153766,153845,153426,153443
1776357000,153443,153443,153100,153372
1776358800,153360,153422,153110,153110
1776360600,153218,153285,153001,153239
1776396600,153301,153301,153050,153105
1776398400,153100,153215,153010,153193
1776400200,153198,153364,153152,153334
1776402000,153259,153320,153175,153240
1776403800,153240,153240,152724,152724
1776405600,152721,152795,152547,152650
1776407400,152620,152889,152580,152860
1776409200,152894,152898,152698,152861
1776411000,152872,153010,152625,152744
1776412800,152750,152938,152743,152825
1776414600,152880,153160,152820,153149
1776416400,153180,153350,153101,153297
1776418200,153257,153340,153101,153112
1776420000,153108,153232,153000,153069
1776421800,153080,153080,152881,153054
1776423600,153100,153203,153020,153188
1776425400,153224,153666,153119,153430
1776427200,153420,153892,153400,153817
1776429000,153850,154338,153767,154338
1776430800,154307,155500,154041,154735
1776432600,154759,155269,154624,155201
1776434400,155201,155307,154734,155114
1776436200,155065,155350,154950,155004
1776438000,155000,155120,154739,154871
1776439800,154900,155028,154655,154900
1776441600,154890,155000,154890,154903
1776443400,154825,154964,154810,154813
1776445200,154848,154852,154509,154551
1776447000,154533,154670,154521,154605
1776655800,153158,153251,152829,152985
1776657600,152977,153114,152910,153050
1776659400,153050,153050,152799,152837
1776661200,152892,153050,152837,153050
1776663000,153014,153335,152971,153247
1776664800,153246,153328,153150,153155
1776666600,153260,153408,153171,153408
1776668400,153480,153680,153354,153535
1776670200,153500,153500,153300,153396
1776672000,153398,153398,153227,153337
1776673800,153289,153565,153271,153533
1776675600,153598,153628,153355,153398
1776677400,153390,153485,153158,153406
1776679200,153400,153599,153390,153550
1776681000,153551,153574,153450,153534
1776682800,153444,153457,153280,153322
1776684600,153400,153958,153372,153931
1776686400,153934,154239,153697,153806
1776688200,153822,153901,153651,153692
1776690000,153675,154267,153675,154267
1776691800,154265,154300,154005,154005
1776693600,153926,154348,153828,154200
1776695400,154238,154280,153467,153635
1776697200,153734,153933,153486,153813
1776699000,153858,153887,153641,153681
1776700800,153725,153747,153545,153747
1776702600,153780,153871,153662,153814
1776704400,153870,153998,153822,153919
1776706200,153953,154000,153870,153902
1776742200,153800,153992,153725,153855
1776744000,153880,153900,153680,153733
1776745800,153742,153801,153675,153705
1776747600,153691,153766,153594,153673
1776749400,153715,153950,153627,153700
1776751200,153670,153741,153406,153406
1776753000,153443,153550,153381,153420
1776754800,153400,153733,153360,153550
1776756600,153579,153835,153503,153755
1776758400,153793,153900,153594,153750
1776760200,153742,153886,153710,153792
1776762000,153790,153795,153666,153680
1776763800,153656,153754,153634,153641
1776765600,153640,153685,153571,153630
1776767400,153670,153790,153658,153765
1776769200,153731,153731,153500,153526
1776771000,153629,153950,153629,153902
1776772800,153925,153959,153600,153607
1776774600,153580,153752,153285,153506
1776776400,153531,153604,153051,153376
1776778200,153400,153835,153256,153458
1776780000,153459,153546,153265,153374
1776781800,153300,153300,152102,152400
1776783600,152401,152905,152200,152576
1776785400,152575,152768,152500,152555
1776787200,152610,152723,151891,151891
1776789000,151886,152168,151590,151694
1776790800,151689,151943,151449,151526
1776792600,151493,151920,151404,151698
1776828600,153309,153699,153052,153197
1776830400,153196,153249,153066,153110
1776832200,153138,153250,153062,153206
1776834000,153175,153609,153161,153424
1776835800,153430,153550,153405,153550
1776837600,153493,153500,153336,153500
1776839400,153500,153644,153480,153615
1776841200,153609,153683,153453,153593
1776843000,153577,153634,153445,153445
1776844800,153404,153435,153305,153305
1776846600,153308,153449,153215,153425
1776848400,153407,153430,153241,153275
1776850200,153208,153424,153125,153169
1776852000,153231,153235,153001,153110
1776853800,153148,153295,153100,153180
1776855600,153247,153330,153174,153238
1776857400,153238,153238,152914,152945
1776859200,152945,153220,152922,153100
1776861000,153052,153052,152700,152787
1776862800,152800,152880,152611,152880
1776864600,152915,153237,152745,153000
1776866400,153084,153129,152728,152804
1776868200,152803,152803,152400,152618
1776870000,152641,152700,152460,152550
1776871800,152560,152560,152200,152261
1776873600,152268,152505,152206,152330
1776875400,152337,152475,152302,152380
1776877200,152429,152660,152429,152550
1776879000,152520,152790,152520,152790
1776915000,152079,152200,151719,152098
1776916800,152069,152172,151920,151997
1776918600,152071,152114,151865,151994
1776920400,152058,152114,151950,151950
1776922200,151940,152177,151621,152177
1776924000,152212,152285,152120,152189
1776925800,152162,152470,152145,152293
1776927600,152315,152315,152119,152133
1776929400,152136,152466,152121,152396
1776931200,152400,152543,152338,152338
1776933000,152290,152300,152000,152058
1776934800,152052,152052,151844,151950
1776936600,151915,151962,151756,151777
1776938400,151800,151920,151472,151550
1776940200,151513,151829,151451,151829
1776942000,151850,151930,151764,151870
1776943800,151800,152340,151794,152340
1776945600,152376,152825,152376,152825
1776947400,152850,153003,152719,152935
1776949200,152898,152964,152541,152670
1776951000,152601,152990,152551,152634
1776952800,152600,152800,152340,152710
1776954600,152709,152853,152594,152768
1776956400,152794,152943,152620,152800
1776958200,152735,152775,152367,152450
1776960000,152500,152555,152390,152538
1776961800,152628,152892,152591,152797
1776963600,152807,152807,152221,152221
1776965400,152240,152367,151268,152142
1777001400,151206,151457,151159,151281
1777003200,151279,151279,150756,150804
1777005000,150782,151351,150750,151243
1777006800,151266,151450,151213,151449
1777008600,151420,151686,151420,151620
1777010400,151659,151661,151154,151180
1777012200,151245,151393,151180,151325
1777014000,151349,151574,151349,151536
1777015800,151541,151850,151500,151836
1777017600,151800,151919,151627,151700
1777019400,151687,151830,151650,151807
1777021200,151800,151945,151530,151531
1777023000,151562,151591,151479,151551
1777024800,151521,151684,151500,151651
1777026600,151576,151576,151376,151455
1777028400,151491,152554,151491,152466
1777030200,152530,152596,152186,152315
1777032000,152317,152489,152250,152402
1777033800,152430,152430,151933,152128
1777035600,152128,152299,151953,152047
1777037400,152142,152550,151917,152451
1777039200,152460,153164,152414,152788
1777041000,152788,152950,152743,152824
1777042800,152787,152800,152600,152692
1777044600,152796,152922,152601,152789
1777046400,152850,152887,152676,152786
1777048200,152820,152850,152662,152840
1777050000,152845,152869,152675,152675
1777051800,152652,152799,152600,152799
1777260600,152695,153008,152640,152850
1777262400,152874,152952,152871,152898
1777264200,152960,153000,152708,152878
1777266000,152835,152835,152600,152647
1777267800,152625,152625,152311,152351
1777269600,152379,152538,152301,152391
1777271400,152386,152450,152350,152435
1777273200,152420,152613,152420,152564
1777275000,152525,152570,152410,152482
1777276800,152460,152525,152300,152300
1777278600,152270,152434,152172,152249
1777280400,152260,152330,152101,152110
1777282200,152101,152223,152020,152134
1777284000,152141,152250,152050,152198
1777285800,152190,152380,152190,152282
1777287600,152295,152295,152110,152253
1777289400,152225,152329,152100,152150
1777291200,152139,152322,152093,152193
1777293000,152217,152261,151916,152000
1777294800,152000,152072,151843,151998
1777296600,152012,152030,151761,151949
1777298400,151913,151920,151701,151701
1777300200,151740,151872,151526,151565
1777302000,151543,151565,151239,151529
1777303800,151520,151594,151305,151340
1777305600,151298,151568,151290,151482
1777307400,151526,151656,151444,151552
1777309200,151548,151597,151350,151597
1777311000,151561,151850,151561,151747
1777347000,151555,151802,151555,151603
1777348800,151640,151640,151500,151600
1777350600,151580,151616,151501,151501
1777352400,151510,151540,150942,151205
1777354200,151200,151200,150450,150696
1777356000,150601,150884,150478,150632
1777357800,150603,150746,150479,150646
1777359600,150641,150859,150620,150732
1777361400,150666,150831,150466,150700
1777363200,150695,150749,150265,150521
1777365000,150547,150720,150500,150575
1777366800,150550,150550,150214,150335
1777368600,150289,150300,149932,149974
1777370400,149950,150200,149938,150123
1777372200,150148,150215,149935,149950
1777374000,149949,150041,149650,149730
1777375800,149740,149740,148681,148910
1777377600,148929,149725,148749,149468
1777379400,149460,149985,149244,149747
1777381200,149758,149758,149252,149618
1777383000,149523,149770,149338,149503
1777384800,149490,149502,149039,149240
1777386600,149177,149410,148888,149347
1777388400,149341,149458,149125,149425
1777390200,149351,149615,149214,149610
1777392000,149610,149750,149433,149551
1777393800,149497,149888,149350,149816
1777395600,149825,149900,149586,149890
1777397400,149870,150140,149870,149918
1777433400,151027,151527,149720,149855
1777435200,149905,150129,149885,150040
1777437000,150022,150240,150022,150225
1777438800,150249,150365,149975,150112
1777440600,150118,150187,149900,149900
1777442400,149900,150049,149626,149740
1777444200,149700,149753,149502,149609
1777446000,149650,149711,149151,149238
1777447800,149238,149305,149051,149120
1777449600,149130,149254,149074,149114
1777451400,149114,149420,148897,149313
1777453200,149256,149479,149101,149101
1777455000,149101,149196,148740,148822
1777456800,148850,149277,148850,149209
1777458600,149264,149335,149009,149175
1777460400,149223,149223,149000,149011
1777462200,149006,149209,148945,149016
1777464000,148987,149263,148986,149073
1777465800,149028,149047,148651,148751
1777467600,148783,148919,148445,148567
1777469400,148546,148592,147950,148166
1777471200,148146,148616,148137,148451
1777473000,148481,148739,148386,148636
1777474800,148614,148800,148501,148696
1777476600,148694,149090,148620,148847
1777478400,148957,149450,148957,149245
1777480200,149236,149262,148877,148965
1777482000,148987,149158,148810,149158
1777483800,149035,149158,148960,149144
1777519800,149499,149526,149319,149350
1777521600,149359,149410,149179,149244
1777523400,149199,149350,149069,149231
1777525200,149203,149672,149203,149588
1777527000,149588,150168,149588,149935
1777528800,149951,150135,149901,150135
1777530600,150120,150830,150103,150774
1777532400,150785,150875,150526,150750
1777534200,150775,150954,150594,150841
1777536000,150885,151595,150885,151432
1777537800,151458,151559,151196,151325
1777539600,151347,151548,151196,151475
1777541400,151499,151594,151253,151319
1777543200,151365,151720,151328,151720
1777545000,151756,151787,151583,151689
1777546800,151710,151890,151518,151615
1777548600,151619,151641,151210,151453
1777550400,151486,151717,151446,151579
1777552200,151535,151720,151337,151708
1777554000,151814,151814,151540,151558
1777555800,151472,151594,150880,150950
1777557600,150911,151368,150856,151308
1777559400,151234,151257,150891,151099
1777561200,151090,151302,150785,151290
1777563000,151210,151349,150930,151176
1777564800,151125,151125,150686,150736
1777566600,150745,151191,150745,150880
1777568400,150945,151176,150944,151115
1777570200,151137,151225,151027,151225
1777635000,150098,150347,149742,150183
1777636800,150160,151100,150127,150900
1777638600,150860,150885,150534,150559
1777640400,150559,150736,150455,150497
1777642200,150480,151396,150459,151250
1777644000,151305,152208,151303,151743
1777645800,151750,151817,151400,151522
1777647600,151509,151735,151172,151505
1777649400,151625,151797,151443,151706
1777651200,151710,151808,151538,151538
1777653000,151600,151657,151404,151630
1777654800,151600,151609,151400,151400
1777656600,151394,151460,151242,151363
1777865400,150900,151347,150860,151315
1777867200,151307,151312,151039,151040
1777869000,151039,151181,150902,150908
1777870800,150910,150970,150523,150523
1777872600,150545,150747,150400,150623
1777874400,150600,150634,150329,150450
1777876200,150487,150487,150209,150404
1777878000,150360,150500,150320,150350
1777879800,150379,150450,150206,150206
1777881600,150150,150263,150093,150120
1777883400,150116,150250,150050,150111
1777885200,150099,150374,150099,150333
1777887000,150331,150426,150100,150214
1777888800,150174,150174,148913,149382
1777890600,149382,149986,149382,149880
1777892400,149880,150148,149852,149943
1777894200,149901,150059,149682,150059
1777896000,149980,150482,149964,150146
1777897800,150264,150440,150049,150352
1777899600,150300,150438,150000,150053
1777901400,150050,150276,149856,150110
1777903200,150110,150528,149855,150227
1777905000,150278,150524,149990,149990
1777906800,149950,150105,148975,149541
1777908600,149571,149699,148950,149200
1777910400,149200,149314,148760,149139
1777912200,149054,149145,149000,149145
1777914000,149175,149618,149175,149320
1777915800,149340,149399,149218,149350
1777951800,149950,149950,149424,149462
1777953600,149469,149546,149228,149263
1777955400,149265,149439,149260,149373
1777957200,149300,149642,149300,149465
1777959000,149465,149890,149465,149658
1777960800,149680,149800,149311,149350
1777962600,149350,149768,149350,149686
1777964400,149688,149799,149650,149650
1777966200,149663,149891,149601,149646
1777968000,149640,149770,149542,149690
1777969800,149709,149925,149617,149870
1777971600,149884,149996,149741,149800
1777973400,149780,149893,149750,149800
1777975200,149815,149815,149496,149496
1777977000,149525,149629,149309,149410
1777978800,149395,149615,149310,149568
1777980600,149605,149889,149605,149707
1777982400,149750,150210,149670,150174
1777984200,150174,150213,149930,150000
1777986000,150055,150440,150055,150247
1777987800,150260,150399,150150,150280
1777989600,150385,150430,150050,150377
1777991400,150398,150398,150170,150220
1777993200,150235,150300,150097,150097
1777995000,150128,150150,149915,149921
1777996800,149910,149928,149663,149687
1777998600,149746,149808,149549,149785
1778000400,149773,149773,149570,149680
1778002200,149680,149839,149620,149838
1778038200,151903,152182,151653,151730
1778040000,151700,151992,151700,151967
1778041800,151967,151999,151864,151957
1778043600,151925,152130,151873,152006
1778045400,152010,152450,151800,152365
1778047200,152410,152634,152221,152598
1778049000,152596,152680,152088,152380
1778050800,152380,152402,152025,152280
1778052600,152260,152578,152175,152543
1778054400,152543,152547,152312,152312
1778056200,152300,152625,152130,152570
1778058000,152589,152885,152252,152437
1778059800,152482,152654,152407,152623
1778061600,152687,152707,152481,152625
1778063400,152669,152889,152665,152804
1778065200,152770,152800,152490,152490
1778067000,152480,152775,152170,152245
1778068800,152162,152215,151602,152100
1778070600,152121,152193,151895,152193
1778072400,152181,152394,151940,152275
1778074200,152235,152700,152151,152600
1778076000,152600,152870,152523,152565
1778077800,152505,152639,152300,152402
1778079600,152381,152481,152205,152251
1778081400,152251,152259,152063,152078
1778083200,152061,152198,151986,152165
1778085000,152165,152284,152016,152016
1778086800,152052,152205,152029,152100
1778088600,152101,152219,152074,152219
1778124600,152887,152887,152611,152698
1778126400,152600,152650,152419,152535
1778128200,152500,152659,152400,152580
1778130000,152567,152800,152500,152529
1778131800,152500,152800,152500,152751
1778133600,152790,153085,152790,153085
1778135400,153099,153865,153032,153628
1778137200,153628,153668,153165,153329
1778139000,153363,153363,153060,153300
1778140800,153320,153543,152892,153000
1778142600,153051,153060,152760,152760
1778144400,152750,153095,152610,153001
1778146200,153000,153190,152824,152899
1778148000,152875,152985,152800,152869
1778149800,152880,153137,152820,153059
1778151600,153053,153092,152873,152959
1778153400,153000,153191,152990,153186
1778155200,153137,153247,152921,153014
1778157000,153069,153300,153005,153167
1778158800,153201,153201,152800,153037
1778160600,152969,153393,152916,153140
1778162400,153130,153415,153000,153351
1778164200,153360,153439,153149,153438
1778166000,153438,153499,152916,152987
1778167800,153071,153156,152774,152825
1778169600,152800,152800,152185,152670
1778171400,152574,152612,152412,152510
1778173200,152512,152640,151864,152108
1778175000,152108,152466,152041,152401
1778211000,152672,153103,152672,152740
1778212800,152762,152934,152699,152730
1778214600,152750,152750,152454,152500
1778216400,152511,152775,152511,152775
1778218200,152751,153089,152751,152970
1778220000,152952,153087,152626,153050
1778221800,153047,153087,152800,152850
1778223600,152820,152843,152320,152605
1778225400,152544,152739,152467,152698
1778227200,152695,153023,152673,152806
1778229000,152842,152917,152623,152683
1778230800,152610,152793,152610,152675
1778232600,152699,152700,152550,152645
1778234400,152661,152840,152646,152823
1778236200,152816,152951,152670,152770
1778238000,152816,152950,152741,152850
1778239800,152850,152897,152666,152720
1778241600,152762,152793,152400,152541
1778243400,152454,152980,152429,152756
1778245200,152710,152925,152635,152834
1778247000,152900,153387,152900,153387
1778248800,153409,153440,152776,152827
1778250600,152800,152906,152615,152688
1778252400,152660,152767,152375,152570
1778254200,152570,152616,152250,152371
1778256000,152362,152497,152199,152411
1778257800,152448,152485,152218,152218
1778259600,152212,152550,152212,152536
1778261400,152534,152589,152480,152589
1778470200,153478,153478,151900,151971
1778472000,152039,152069,151900,152020
1778473800,152001,152189,151892,152101
1778475600,152136,152200,152056,152068
1778477400,152122,152266,151500,151645
1778479200,151638,152075,151600,151948
1778481000,151930,152264,151930,152200
1778482800,152240,152385,152120,152344
1778484600,152310,152327,152000,152044
1778486400,152062,152295,152028,152242
1778488200,152149,152315,152100,152100
1778490000,152100,152173,151890,151900
1778491800,151900,152130,151800,151900
1778493600,151888,152035,151881,152019
1778495400,151975,152130,151935,152100
1778497200,152076,152220,152076,152194
1778499000,152220,152480,152170,152400
1778500800,152416,152899,152201,152881
1778502600,152882,153119,152760,153048
1778504400,153056,154050,153056,153791
1778506200,153812,154360,153812,154055
1778508000,154049,154069,153516,153740
1778509800,153770,153989,153513,153716
1778511600,153716,154170,153657,153930
1778513400,153997,153998,153750,153965
1778515200,153955,154029,153684,153722
1778517000,153739,153777,153254,153450
1778518800,153470,153666,153469,153573
1778520600,153513,153750,153513,153750
1778556600,153999,154243,153851,153940
1778558400,153970,154224,153888,154027
1778560200,154015,154150,153725,153785
1778562000,153785,153894,153606,153774
1778563800,153783,153979,153755,153848
1778565600,153691,153793,153292,153292
1778567400,153281,153488,153116,153152
1778569200,153180,153560,153016,153525
1778571000,153461,153808,153369,153680
1778572800,153687,153892,153531,153630
1778574600,153639,153729,153558,153700
1778576400,153645,153655,153423,153423
1778578200,153431,153594,153344,153460
1778580000,153504,153750,153504,153524
1778581800,153526,153526,153121,153370
1778583600,153390,153538,153142,153538
1778585400,153550,153829,153490,153800
1778587200,153828,153829,153510,153572
1778589000,153612,153980,153333,153816
1778590800,153868,153903,153274,153550
1778592600,153611,153923,153356,153461
1778594400,153460,153867,153365,153538
1778596200,153505,153730,153252,153376
1778598000,153390,153450,152559,153040
1778599800,153062,153332,153031,153295
1778601600,153287,153468,153212,153250
1778603400,153250,153430,153158,153426
1778605200,153375,153550,153354,153441
1778607000,153441,153559,153340,153417
1778643000,158045,164497,154851,161801
1778644800,162000,163068,161495,162600
1778646600,162571,162781,162378,162677
1778648400,162645,162930,162321,162321
1778650200,162296,162500,162000,162413
1778652000,162413,162740,162366,162527
1778653800,162530,162689,162250,162325
1778655600,162389,162541,162321,162529
1778657400,162529,162600,162399,162478
1778659200,162500,162512,162100,162241
1778661000,162221,162466,162160,162426
1778662800,162400,162449,162029,162238
1778664600,162238,162500,162166,162352
1778666400,162395,162600,162321,162467
1778668200,162497,162544,162457,162500
1778670000,162475,162579,162391,162522
1778671800,162567,162719,162523,162650
1778673600,162650,162681,162280,162303
1778675400,162354,162354,162000,162153
1778677200,162155,162450,162155,162350
1778679000,162262,162313,161801,162119
1778680800,162083,162171,161904,162138
1778682600,162138,162377,162000,162050
1778684400,162161,162299,162131,162227
1778686200,162200,162424,162195,162253
1778688000,162268,162651,162268,162587
1778689800,162605,162605,162236,162273
1778691600,162353,162497,162348,162350
1778693400,162350,162350,162101,162250
1778729400,161028,162308,161027,161679
1778731200,161700,162774,161517,162658
1778733000,162560,163055,162501,162582
1778734800,162550,162805,162500,162574
1778736600,162615,162820,162550,162550
1778738400,162522,162700,162051,162140
1778740200,162124,162386,162058,162300
1778742000,162177,162399,162128,162399
1778743800,162426,162600,162075,162100
1778745600,162150,162310,162028,162196
1778747400,162260,162260,162019,162043
1778749200,162113,162199,162023,162093
1778751000,162060,162300,162020,162259
1778752800,162211,162262,162071,162151
1778754600,162152,162240,162051,162240
1778756400,162247,162305,162106,162230
1778758200,162222,162622,162152,162409
1778760000,162255,162625,162255,162427
1778761800,162444,162681,162350,162681
1778763600,162700,162718,162025,162034
1778765400,162000,162065,161584,161723
1778767200,161651,162123,161454,161868
1778769000,161925,162000,161786,161826
1778770800,161771,162085,161769,162052
1778772600,162038,162085,161700,161854
1778774400,161851,161851,161600,161844
1778776200,161804,161999,161700,161958
1778778000,161999,162050,161885,161920
1778779800,161930,162075,161871,162003
1778815800,160877,160992,160355,160645
1778817600,160660,160838,160470,160527
1778819400,160499,160582,160130,160135
1778821200,160112,160145,159276,159620
1778823000,159600,159600,158852,158890
1778824800,158970,159500,158851,159319
1778826600,159380,159448,159124,159124
1778828400,159145,159669,159145,159494
1778830200,159425,159436,159141,159158
1778832000,159225,159225,158800,158909
1778833800,158906,159100,158801,158959
1778835600,158959,159211,158803,159100
1778837400,159100,159140,158537,158811
1778839200,158885,159165,158745,159119
1778841000,159054,159600,159001,159425
1778842800,159492,159594,159310,159355
1778844600,159354,159371,159090,159188
1778846400,159200,159321,159100,159214
1778848200,159106,159245,158920,158985
1778850000,158950,159180,158777,158993
1778851800,159117,159117,158150,158563
1778853600,158563,159266,158469,159010
1778855400,159080,159267,158801,159126
1778857200,159125,159150,158518,158573
1778859000,158710,158710,158236,158481
1778860800,158492,158591,158189,158471
1778862600,158565,158626,158405,158414
1778864400,158420,158787,158420,158471
1778866200,158550,158690,158450,158450
1779075000,158076,158512,157547,158376
1779076800,158398,158850,158214,158400
1779078600,158400,158686,158400,158585
1779080400,158579,158800,158451,158746
1779082200,158850,158884,158586,158611
1779084000,158600,158970,158564,158798
1779085800,158780,158909,158632,158850
1779087600,158800,159069,158755,159059
1779089400,159012,159356,159001,159109
1779091200,159142,159198,159031,159031
1779093000,159069,159150,159069,159115
1779094800,159100,159109,158928,158936
1779096600,158939,158990,158823,158960
1779098400,159000,159000,158740,158786
1779100200,158800,158970,158597,158855
1779102000,158830,158888,158688,158769
1779103800,158808,159540,158808,159388
1779105600,159393,159580,159330,159497
1779107400,159468,160050,159468,160003
1779109200,160000,160109,159785,159990
1779111000,159950,160266,159900,160147
1779112800,160100,160100,159555,159807
1779114600,159835,159840,159300,159430
1779116400,159450,159450,159149,159163
1779118200,159120,159433,159120,159350
1779120000,159278,159421,159014,159014
1779121800,159000,159438,158954,159332
1779123600,159332,159574,159314,159520
1779125400,159500,159500,159285,159285
1779161400,159382,159899,159161,159530
1779163200,159515,159594,159240,159300
1779165000,159320,159588,159264,159520
1779166800,159615,159710,159325,159477
1779168600,159428,159638,159312,159592
1779170400,159530,159900,159398,159799
1779172200,159797,159870,159690,159805
1779174000,159797,159970,159762,159823
1779175800,159820,159995,159647,159970
1779177600,160001,160030,159650,159677
1779179400,159678,159850,159636,159790
1779181200,159749,159891,159639,159770
1779183000,159743,159900,159669,159819
1779184800,159818,159928,159754,159909
1779186600,159917,160110,159752,160090
1779188400,160110,160200,159927,159960
1779190200,159952,160000,159767,159767
1779192000,159752,160069,159751,159988
1779193800,159990,160050,159860,159896
1779195600,159890,159890,158910,158975
1779197400,159000,159250,158420,159115
1779199200,159000,159469,158750,158889
1779201000,158892,159000,158651,158820
1779202800,158848,159275,158821,159140
1779204600,159114,159244,158980,159124
1779206400,159145,159150,158892,159122
1779208200,159150,159200,159048,159160
1779210000,159160,159203,159050,159140
1779211800,159141,159164,159016,159136
1779247800,160378,160378,157959,158344
1779249600,158400,158463,158281,158360
1779251400,158325,158381,158172,158224
1779253200,158250,158468,158250,158316
1779255000,158365,158593,158250,158438
1779256800,158466,158638,158376,158592
1779258600,158546,158800,158336,158703
1779260400,158700,158930,158656,158920
1779262200,158910,158936,158688,158733
1779264000,158776,158950,158720,158949
1779265800,158970,159055,158652,158947
1779267600,158884,158925,158611,158640
1779269400,158656,159022,158628,158865
1779271200,158869,159191,158869,159034
1779273000,159021,159399,159021,159280
1779274800,159305,159379,159063,159379
1779276600,159380,159437,159180,159399
1779278400,159382,159425,159285,159390
1779280200,159413,159581,159360,159373
1779282000,159408,159670,159313,159320
1779283800,159250,159400,159077,159104
1779285600,159150,159627,158811,159550
1779287400,159590,159990,159590,159808
1779289200,159824,160183,159600,159849
1779291000,159861,160070,159731,159853
1779292800,159825,160002,159735,159809
1779294600,159826,160015,159769,160001
1779296400,160001,160059,159910,159928
1779298200,159990,160063,159915,160042
1779334200,159803,159992,159533,159587
1779336000,159587,159947,159491,159706
1779337800,159706,159706,159509,159580
1779339600,159610,159650,159343,159450
1779341400,159416,159571,159319,159520
1779343200,159573,159777,159480,159662
1779345000,159710,159710,159331,159331
1779346800,159400,159426,159231,159232
1779348600,159230,159350,159105,159241
1779350400,159270,159600,159200,159600
1779352200,159625,159673,159478,159668
1779354000,159679,159799,159600,159722
1779355800,159743,159800,159344,159426
1779357600,159450,159572,159159,159378
1779359400,159186,159350,159105,159200
1779361200,159242,159380,159159,159169
1779363000,159200,159255,159066,159147
1779364800,159214,159277,158890,158950
1779366600,158950,159200,158902,158955
1779368400,158900,159139,158663,158703
1779370200,158740,159276,158542,159075
1779372000,159131,159238,158845,159000
1779373800,159000,159090,158900,159015
1779375600,158988,159098,158734,158904
1779377400,158928,159236,158914,159178
1779379200,159250,159358,159213,159256
1779381000,159269,159348,159232,159277
1779382800,159320,159514,159157,159514
1779384600,159530,159800,159424,159688
1779420600,159161,159498,158816,159390
1779422400,159365,159459,159144,159420
1779424200,159433,159487,159253,159314
1779426000,159280,159340,159160,159171
1779427800,159159,159399,158876,158909
1779429600,158916,159175,158893,159120
1779431400,159176,159267,159100,159167
1779433200,159171,159171,158972,159044
1779435000,159023,159137,158904,159082
1779436800,159075,159185,159035,159057
1779438600,159044,159133,158901,159030
1779440400,159040,159060,158860,158957
1779442200,158940,159200,158911,159101
1779444000,159115,159200,159025,159025
1779445800,159016,159021,158850,158950
1779447600,158901,158979,158850,158854
1779449400,158883,159050,158883,159002
1779451200,159010,159249,158943,158943
1779453000,158972,159100,158800,159100
1779454800,159065,159140,158900,158900
1779456600,158885,159026,158700,158787
1779458400,158768,158768,158104,158278
1779460200,158350,158522,158338,158367
1779462000,158428,158723,158428,158723
1779463800,158710,158795,158653,158700
1779465600,158754,158849,158630,158849
1779467400,158850,158896,158562,158562
1779469200,158710,158786,158620,158786
1779471000,158800,158824,158588,158588
1779681600,159325,159500,159014,159330
1779683400,159350,159405,159281,159380
1779685200,159395,159398,159002,159002
1779687000,159000,159200,158919,159010
1779688800,159029,159180,158995,159126
1779690600,159126,159211,159126,159171